timestamp,rating_numerator,rating_denominator,name,stage,breed,favorite_count,retweet_count
2017-08-01 00:17:27,13,10,Tilly,,Chihuahua,,
2017-07-31 00:18:03,12,10,Archie,,Chihuahua,24330.0,4008.0
2017-07-29 16:00:24,12,10,Franklin,,basset,39100.0,9043.0
2017-07-29 00:08:17,13,10,,,Chesapeake_Bay_retriever,19668.0,3003.0
2017-07-28 16:27:12,13,10,Jax,,Appenzeller,,
2017-07-28 00:22:40,13,10,,,Pomeranian,63396.0,18204.0
2017-07-27 16:25:51,13,10,Zoey,,Irish_terrier,27036.0,4121.0
2017-07-26 15:59:51,14,10,Cassie,doggo,Pembroke,,
2017-07-26 00:31:25,13,10,Koda,,Samoyed,29789.0,7076.0
2017-07-25 16:11:53,13,10,Bruno,,French_bulldog,,
2017-07-25 01:55:32,13,10,,puppo,Pembroke,,
2017-07-25 00:10:02,12,10,Ted,,French_bulldog,26327.0,4376.0
2017-07-24 17:02:04,13,10,Stuart,puppo,golden_retriever,,
2017-07-24 00:19:32,13,10,Oliver,,whippet,24527.0,5195.0
2017-07-23 00:22:39,12,10,Jim,,golden_retriever,28293.0,4347.0
2017-07-22 16:56:37,13,10,Zeke,,golden_retriever,,
2017-07-22 00:23:06,13,10,Ralphus,,Siberian_husky,19255.0,3413.0
2017-07-20 16:49:33,12,10,Gerald,,French_bulldog,21138.0,3361.0
2017-07-19 16:06:48,13,10,Jeffrey,,basset,29340.0,5188.0
2017-07-19 00:47:34,13,10,Canela,,Pembroke,,
2017-07-18 16:08:03,13,10,,,Mexican_hairless,32710.0,10063.0
2017-07-18 00:07:08,12,10,,,Samoyed,29695.0,5752.0
2017-07-17 16:17:36,13,10,Maya,,Chihuahua,34110.0,7491.0
2017-07-15 23:25:31,12,10,Roscoe,pupper,French_bulldog,20569.0,3088.0
2017-07-15 16:17:19,13,10,Waffles,,pug,,
2017-07-14 22:10:11,12,10,Jimbo,,Blenheim_spaniel,31661.0,6544.0
2017-07-13 15:58:47,13,10,Maisey,,pug,34945.0,6207.0
2017-07-12 16:03:00,13,10,,,malamute,21287.0,4230.0
2017-07-12 00:01:00,12,10,Earl,,Italian_greyhound,,
2017-07-11 20:47:12,13,10,Lola,,chow,,
2017-07-11 00:00:02,13,10,Kevin,,pug,23592.0,4523.0
2017-07-10 15:58:53,14,10,,,Pembroke,26231.0,5475.0
2017-07-09 21:29:42,12,10,Yogi,doggo,German_shepherd,,
2017-07-09 00:00:04,12,10,Noah,,Doberman,,
2017-07-07 16:22:55,13,10,Grizzwald,floofer,chow,,
2017-07-07 00:17:54,13,10,,,golden_retriever,36092.0,6440.0
2017-07-06 15:58:11,13,10,Rusty,,Eskimo_dog,23245.0,3790.0
2017-07-06 00:46:41,12,10,Gus,pupper,Labrador_retriever,27479.0,4727.0
2017-07-05 15:48:34,13,10,Stanley,,Pembroke,27138.0,5885.0
2017-07-04 16:01:23,13,10,Alfy,,golden_retriever,43647.0,11211.0
2017-07-03 16:04:48,12,10,Rey,,Weimaraner,,
2017-07-03 00:11:11,13,10,Gary,,Saluki,49164.0,10330.0
2017-07-02 15:32:16,14,10,,pupper,Samoyed,,
2017-06-30 19:35:32,12,10,,,Pembroke,20668.0,3698.0
2017-06-29 16:39:47,12,10,Bella,,golden_retriever,27722.0,6065.0
2017-06-29 00:27:25,12,10,Jesse,,Chihuahua,26266.0,4077.0
2017-06-28 16:09:20,11,10,,,miniature_pinscher,,
2017-06-28 00:42:13,13,10,Romeo,,basset,21711.0,3382.0
2017-06-27 00:10:17,12,10,Bailey,,German_short-haired_pointer,22784.0,3076.0
2017-06-26 19:07:24,13,10,Duddles,,English_springer,,
2017-06-25 16:07:47,13,10,Beau,,vizsla,,
2017-06-25 00:45:22,13,10,Snoopy,puppo,Italian_greyhound,,
2017-06-23 16:00:04,13,10,Shadow,,basset,7523.0,1247.0
2017-06-23 01:10:23,14,10,Emmy,,French_bulldog,40901.0,6592.0
2017-06-22 03:54:17,13,10,Aja,,Chesapeake_Bay_retriever,77505.0,18489.0
2017-06-21 15:58:08,12,10,Penny,,basset,22108.0,3687.0
2017-06-21 00:06:44,13,10,Dante,,Saluki,,
2017-06-20 16:29:50,12,10,Nelly,,Pembroke,26392.0,5418.0
2017-06-19 16:24:33,12,10,Ginger,pupper,bloodhound,20127.0,3237.0
2017-06-18 16:57:37,13,10,Benedict,,golden_retriever,18266.0,2316.0
2017-06-17 16:52:05,13,10,,,Bernese_mountain_dog,27199.0,4537.0
2017-06-16 16:11:53,13,10,Goose,,Labrador_retriever,24512.0,4163.0
2017-06-15 00:13:52,13,10,,,Siberian_husky,21352.0,4797.0
2017-06-14 16:04:48,12,10,,,West_Highland_white_terrier,24816.0,4593.0
2017-06-13 17:29:20,12,10,Cash,,Labrador_retriever,27113.0,4516.0
2017-06-12 16:06:11,13,10,Jed,pupper,cocker_spaniel,25404.0,3998.0
2017-06-12 00:15:36,12,10,,,flat-coated_retriever,22128.0,3844.0
2017-06-11 21:18:31,13,10,Sebastian,puppo,Cardigan,33629.0,10124.0
2017-06-10 16:39:04,13,10,,,Newfoundland,,
2017-06-09 16:22:42,12,10,Sierra,pupper,vizsla,7045.0,1545.0
2017-06-09 00:02:31,12,10,,doggo,Labrador_retriever,26645.0,5279.0
2017-06-08 14:20:41,13,10,,,pug,14375.0,3612.0
2017-06-08 01:06:27,13,10,Monkey,,cocker_spaniel,20286.0,3596.0
2017-06-07 16:14:40,12,10,,,Pembroke,39741.0,8813.0
2017-06-07 01:19:32,13,10,Harry,,Labrador_retriever,,
2017-06-06 00:01:46,13,10,Lassie,,Shetland_sheepdog,,
2017-06-05 16:15:56,12,10,Rover,pupper,Labrador_retriever,,
2017-06-04 23:56:03,12,10,Napolean,doggo,komondor,,
2017-06-03 15:55:36,13,10,Boomer,,kelpie,,
2017-06-02 15:00:16,13,10,Cody,,Pembroke,,
2017-06-01 20:18:38,13,10,Zoey,,golden_retriever,81072.0,25760.0
2017-06-01 16:00:09,13,10,,,Greater_Swiss_Mountain_dog,,
2017-05-31 04:27:59,13,10,,,Pembroke,41623.0,9865.0
2017-05-30 23:51:58,13,10,Stanley,,Pembroke,,
2017-05-30 16:49:31,12,10,Scout,doggo,Chihuahua,,
2017-05-29 16:24:37,13,10,Gizmo,,Pembroke,20100.0,3738.0
2017-05-28 00:18:35,13,10,,,Labrador_retriever,26258.0,5223.0
2017-05-27 19:39:34,12,10,Cooper,,whippet,9952.0,2055.0
2017-05-26 00:29:37,12,10,,,Labrador_retriever,23808.0,4124.0
2017-05-25 16:10:44,13,10,Harold,,Border_collie,,
2017-05-24 16:44:18,12,10,Shikha,puppo,Eskimo_dog,,
2017-05-23 16:16:06,13,10,,,Samoyed,31764.0,7778.0
2017-05-22 16:06:55,12,10,Lili,,flat-coated_retriever,19004.0,3446.0
2017-05-22 00:28:40,13,10,Jamesy,pupper,French_bulldog,,
2017-05-21 16:48:45,12,10,Coco,,Samoyed,,
2017-05-19 23:57:46,13,10,Boomer,,golden_retriever,25312.0,5574.0
2017-05-19 00:12:11,13,10,Sammy,,Chesapeake_Bay_retriever,26143.0,4966.0
2017-05-18 00:50:50,13,10,Nelly,,Pembroke,27674.0,7636.0
2017-05-16 00:41:21,12,10,Meatball,,bull_mastiff,14448.0,3004.0
2017-05-15 19:14:50,13,10,Paisley,,golden_retriever,29793.0,8878.0
2017-05-14 00:34:33,13,10,Neptune,,Eskimo_dog,,
2017-05-13 16:33:49,12,10,Belle,,Staffordshire_bullterrier,,
2017-05-12 17:12:53,14,10,,,Lakeland_terrier,,
2017-05-12 16:05:02,13,10,Quinn,,French_bulldog,8428.0,2434.0
2017-05-12 00:46:44,13,10,Zooey,,Australian_terrier,19010.0,5095.0
2017-05-11 17:34:13,11,10,Dave,,basset,,
2017-05-10 00:08:34,13,10,,,chow,73882.0,23220.0
2017-05-08 00:54:59,13,10,Hobbes,,Cardigan,35874.0,10695.0
2017-05-06 23:49:50,12,10,Burt,,German_shepherd,,
2017-05-05 16:00:04,13,10,Carl,,Bedlington_terrier,23497.0,5295.0
2017-05-04 00:15:58,12,10,Milky,,French_bulldog,19472.0,4097.0
2017-05-03 19:26:06,13,10,Trooper,,Labrador_retriever,,
2017-05-03 03:17:27,13,10,,puppo,golden_retriever,18525.0,1579.0
2017-05-01 00:40:27,13,10,,doggo,golden_retriever,15515.0,3509.0
2017-04-30 00:02:42,13,10,Sophie,,Pembroke,21481.0,4870.0
2017-04-28 23:57:28,12,10,Wyatt,,golden_retriever,15701.0,2920.0
2017-04-28 16:08:49,12,10,Rosie,,French_bulldog,16120.0,2605.0
2017-04-28 00:00:54,13,10,Thor,,Labrador_retriever,34243.0,10741.0
2017-04-27 00:38:11,13,10,,,malamute,,
2017-04-26 16:00:39,13,10,,,Samoyed,20040.0,4559.0
2017-04-26 00:33:27,12,10,Zeke,,golden_retriever,18957.0,4053.0
2017-04-24 16:22:16,12,10,Callie,,Boston_bull,16291.0,2923.0
2017-04-24 15:13:52,14,10,,,Old_English_sheepdog,11870.0,1911.0
2017-04-23 23:01:59,14,10,,,Chihuahua,27807.0,6425.0
2017-04-22 18:31:02,13,10,,puppo,flat-coated_retriever,45735.0,18048.0
2017-04-21 16:33:22,12,10,,,Blenheim_spaniel,30057.0,8356.0
2017-04-19 16:25:34,12,10,Marlee,,Pembroke,23008.0,6231.0
2017-04-18 23:50:52,13,10,Arya,,Chihuahua,29540.0,7017.0
2017-04-18 16:05:17,13,10,Einstein,,Pembroke,19056.0,4792.0
2017-04-17 23:52:16,14,10,,pupper,black-and-tan_coonhound,,
2017-04-17 16:34:26,11,10,,floofer,English_springer,16336.0,3224.0
2017-04-17 00:03:50,12,10,Alice,,miniature_pinscher,,
2017-04-16 16:00:07,13,10,,,German_shepherd,35203.0,10399.0
2017-04-14 15:51:39,12,10,Benny,,Great_Dane,9175.0,1888.0
2017-04-13 23:59:28,12,10,Aspen,,golden_retriever,15127.0,2215.0
2017-04-13 16:05:56,13,10,Jarod,,bloodhound,,
2017-04-11 00:24:08,11,10,,,Cardigan,16483.0,3579.0
2017-04-08 16:54:09,11,10,Kyle,,pug,,
2017-04-07 16:10:12,13,10,Leo,,Yorkshire_terrier,13312.0,2710.0
2017-04-06 16:18:05,12,10,Boomer,pupper,Shetland_sheepdog,20848.0,5063.0
2017-04-06 00:13:11,12,10,,,Chihuahua,,
2017-04-05 00:04:08,12,10,Noosh,,schipperke,16208.0,3259.0
2017-04-03 00:16:10,12,10,,,flat-coated_retriever,25758.0,4481.0
2017-04-02 00:03:26,12,10,Odin,,malamute,25316.0,4775.0
2017-04-01 16:35:01,6,10,Jerry,,Bedlington_terrier,16696.0,3186.0
2017-03-31 00:27:14,12,10,Cannon,,Cardigan,,
2017-03-30 00:56:03,12,10,Furzey,,Airedale,20970.0,4468.0
2017-03-29 18:43:12,11,10,Daisy,,Staffordshire_bullterrier,,
2017-03-29 00:01:05,13,10,Tuck,,Shetland_sheepdog,,
2017-03-28 00:07:32,13,10,Barney,doggo,golden_retriever,,
2017-03-27 00:15:53,13,10,Vixen,,giant_schnauzer,32537.0,9474.0
2017-03-26 16:55:29,12,10,Jarvis,,golden_retriever,,
2017-03-26 01:38:00,13,10,,,Samoyed,,
2017-03-25 16:45:08,12,10,,,chow,,
2017-03-24 16:10:40,12,10,Pickles,pupper,Irish_water_spaniel,23991.0,5635.0
2017-03-23 18:07:10,12,10,Brady,,Labrador_retriever,15536.0,3362.0
2017-03-23 00:18:10,13,10,Luna,,Labrador_retriever,,
2017-03-21 16:26:50,12,10,Margo,,Labrador_retriever,14025.0,2302.0
2017-03-20 16:08:44,12,10,,,Labrador_retriever,,
2017-03-19 23:25:35,11,10,Hank,,Labrador_retriever,17388.0,2889.0
2017-03-18 22:59:54,13,10,Tycho,,Pembroke,,
2017-03-17 21:13:10,13,10,Charlie,,Labrador_retriever,15691.0,3785.0
2017-03-17 00:38:32,13,10,Winnie,,Pembroke,18652.0,3682.0
2017-03-16 00:00:07,12,10,George,,French_bulldog,25231.0,6093.0
2017-03-15 20:48:07,12,10,Bentley,,chow,,
2017-03-14 16:01:03,12,10,Penny,,Chihuahua,,
2017-03-13 15:47:01,13,10,Max,,Afghan_hound,,
2017-03-13 00:02:39,12,10,Dawn,,Brittany_spaniel,23625.0,5573.0
2017-03-11 18:35:42,12,10,,,golden_retriever,,
2017-03-10 18:27:58,12,10,Monty,,Chesapeake_Bay_retriever,19909.0,6033.0
2017-03-10 00:04:21,13,10,Sojourner,,Staffordshire_bullterrier,13868.0,2413.0
2017-03-07 22:22:32,13,10,Odie,,Leonberg,,
2017-03-07 01:17:48,13,10,Arlo,,Border_terrier,,
2017-03-06 01:26:54,13,10,Walter,,kelpie,,
2017-03-05 19:48:43,13,10,Stanley,,Great_Pyrenees,,
2017-03-04 17:49:08,13,10,Daisy,,chow,,
2017-03-04 00:21:08,12,10,,pupper,golden_retriever,35413.0,8292.0
2017-03-03 01:14:41,12,10,Vincent,,Norwegian_elkhound,13249.0,2406.0
2017-03-02 18:17:34,13,10,Lucy,,American_Staffordshire_terrier,,
2017-03-02 01:20:01,13,10,Clark,pupper,Siberian_husky,16607.0,2523.0
2017-02-27 17:01:56,13,10,Lucy,,borzoi,,
2017-02-26 23:52:43,13,10,,,Samoyed,19815.0,4531.0
2017-02-25 19:37:50,11,10,Eli,,Staffordshire_bullterrier,,
2017-02-25 01:18:40,12,10,Ash,,Rottweiler,,
2017-02-24 17:01:22,12,10,,,Border_collie,27141.0,6082.0
2017-02-23 15:25:23,13,10,Tobi,,Border_terrier,22033.0,5835.0
2017-02-22 17:41:18,12,10,,,Rhodesian_ridgeback,9990.0,1781.0
2017-02-22 01:14:30,12,10,Wilson,,golden_retriever,21404.0,5070.0
2017-02-21 02:17:06,12,10,Bentley,,kuvasz,13944.0,2538.0
2017-02-20 23:50:09,13,10,Charlie,,Chihuahua,,
2017-02-20 17:00:04,13,10,Bronte,,West_Highland_white_terrier,,
2017-02-20 00:53:27,13,10,Poppy,,golden_retriever,15435.0,2186.0
2017-02-19 01:23:00,12,10,Gidget,pupper,Cardigan,21015.0,5130.0
2017-02-18 17:00:10,13,10,Rhino,doggo,boxer,,
2017-02-18 01:03:09,13,10,Willow,,Cardigan,17506.0,3843.0
2017-02-17 17:01:29,12,10,Orion,,Eskimo_dog,16470.0,2954.0
2017-02-17 01:13:34,12,10,Eevee,,Pekinese,12411.0,2359.0
2017-02-16 23:23:38,11,10,Charlie,,kelpie,,
2017-02-16 17:00:25,14,10,Smiley,doggo,Pembroke,11768.0,2477.0
2017-02-16 01:04:13,12,10,Miguel,doggo,whippet,,
2017-02-15 18:54:34,12,10,Emanuel,doggo,Pomeranian,,
2017-02-15 17:02:36,14,10,Kuyu,,bloodhound,,
2017-02-15 01:04:21,13,10,Daisy,,Pembroke,10894.0,1928.0
2017-02-14 23:43:18,13,10,,,Eskimo_dog,7481.0,2067.0
2017-02-14 17:17:22,13,10,Dutch,,Chihuahua,9350.0,2440.0
2017-02-14 02:02:51,12,10,Pete,doggo,Old_English_sheepdog,,
2017-02-14 01:35:49,13,10,,pupper,briard,6803.0,1190.0
2017-02-14 01:09:44,12,10,,,Doberman,,
2017-02-13 22:03:49,12,10,Tucker,,cocker_spaniel,,
2017-02-13 01:46:03,12,10,Reggie,,kuvasz,,
2017-02-12 01:04:29,13,10,Lilly,,Labrador_retriever,69714.0,17911.0
2017-02-10 01:15:49,12,10,Mia,,Border_terrier,12751.0,2086.0
2017-02-09 01:27:41,12,10,Leo,,French_bulldog,33090.0,11325.0
2017-02-08 22:00:52,11,10,,doggo,Labrador_retriever,10914.0,2150.0
2017-02-08 17:00:26,13,10,Astrid,doggo,Staffordshire_bullterrier,,
2017-02-08 01:35:19,12,10,Malcolm,,golden_retriever,25538.0,7894.0
2017-02-07 17:00:28,13,10,Dexter,,boxer,55326.0,17307.0
2017-02-06 17:02:17,14,10,,,golden_retriever,9906.0,1433.0
2017-02-06 01:03:14,12,10,Bear,,Weimaraner,,
2017-02-05 23:15:47,14,10,Doobert,doggo,Bedlington_terrier,,
2017-02-05 22:55:23,13,10,Beebop,,American_Staffordshire_terrier,,
2017-02-05 22:40:03,12,10,,,malamute,,
2017-02-04 22:45:42,11,10,,,American_Staffordshire_terrier,10814.0,2290.0
2017-02-04 17:34:40,12,10,Kona,pupper,German_shepherd,,
2017-02-03 23:04:02,12,10,Boots,,collie,,
2017-02-03 19:31:54,13,10,Tucker,,Pembroke,7726.0,1015.0
2017-02-03 01:16:53,12,10,Ralphie,,golden_retriever,16569.0,3263.0
2017-02-02 17:00:17,13,10,Charlie,,Great_Dane,,
2017-02-02 01:01:21,12,10,Loki,doggo,golden_retriever,,
2017-02-01 17:44:55,13,10,Cupid,doggo,Great_Pyrenees,38096.0,10925.0
2017-02-01 01:09:42,13,10,Pawnd,,French_bulldog,,
2017-01-31 17:06:32,12,10,Pilot,doggo,German_shepherd,,
2017-01-31 01:27:39,11,10,,,French_bulldog,13873.0,2769.0
2017-01-30 23:05:46,13,10,,doggo,Labrador_retriever,,
2017-01-29 22:15:05,12,10,Toby,,Great_Pyrenees,13312.0,2664.0
2017-01-29 02:44:34,14,10,,puppo,Rottweiler,54548.0,18415.0
2017-01-28 01:04:51,13,10,,,Pekinese,19159.0,4892.0
2017-01-27 17:04:02,12,10,Pablo,puppo,Eskimo_dog,6638.0,1367.0
2017-01-27 00:24:48,12,10,Scooter,,Border_terrier,15661.0,3763.0
2017-01-26 17:02:56,13,10,Wilson,,English_setter,,
2017-01-25 18:38:36,13,10,,pupper,Pembroke,12351.0,11136.0
2017-01-24 17:04:50,12,10,Cash,,schipperke,11144.0,2902.0
2017-01-24 01:08:40,12,10,Winston,,cairn,13198.0,2586.0
2017-01-21 18:26:02,13,10,,puppo,Lakeland_terrier,,
2017-01-21 17:31:20,12,10,Hobbes,,malinois,,
2017-01-21 01:02:48,12,10,,,cocker_spaniel,15511.0,3175.0
2017-01-20 17:00:46,13,10,Paisley,,Samoyed,,
2017-01-20 15:17:01,14,10,Gabe,pupper,Pomeranian,,
2017-01-20 00:50:15,11,10,,,Samoyed,36725.0,10561.0
2017-01-19 01:04:45,13,10,Jimison,,golden_retriever,11893.0,2510.0
2017-01-18 17:07:18,13,10,Duchess,doggo,golden_retriever,8826.0,1780.0
2017-01-18 01:01:34,13,10,Harlso,,Doberman,,
2017-01-17 17:21:47,14,10,Sundance,doggo,Irish_setter,,
2017-01-17 00:18:04,12,10,Luca,,German_shepherd,9139.0,2163.0
2017-01-16 21:32:06,11,10,,doggo,Pomeranian,,
2017-01-16 17:20:45,12,10,Flash,,Old_English_sheepdog,13294.0,2461.0
2017-01-15 21:49:15,13,10,Sunny,,golden_retriever,,
2017-01-14 17:00:24,14,10,,,Gordon_setter,3498.0,606.0
2017-01-13 17:00:21,13,10,Oliver,puppo,American_Staffordshire_terrier,5584.0,1272.0
2017-01-12 16:54:26,13,10,Jazzy,,Cardigan,10074.0,2117.0
2017-01-12 00:55:47,12,10,,,Rottweiler,,
2017-01-11 17:01:16,12,10,Finn,,Border_terrier,24257.0,7200.0
2017-01-11 02:15:36,14,10,Bo,doggo,standard_poodle,91167.0,39592.0
2017-01-10 01:15:10,13,10,Wafer,,Labrador_retriever,23353.0,8037.0
2017-01-10 00:24:38,12,10,Bear,,Chihuahua,,
2017-01-09 00:53:55,12,10,Florence,,miniature_schnauzer,11588.0,2457.0
2017-01-08 17:20:31,11,10,Autumn,,golden_retriever,,
2017-01-07 20:18:46,13,10,Buddy,,cocker_spaniel,,
2017-01-07 16:59:28,13,10,Dido,pupper,curly-coated_retriever,,
2017-01-07 01:00:41,12,10,,,pug,,
2017-01-06 17:00:38,11,10,Strudel,,Doberman,5901.0,1038.0
2017-01-06 00:49:53,13,10,Tebow,,golden_retriever,9195.0,2169.0
2017-01-05 21:29:55,13,10,,,Saluki,12838.0,2820.0
2017-01-05 17:13:55,11,10,Chloe,,kelpie,9035.0,1774.0
2017-01-05 01:20:46,12,10,Timber,,malamute,10559.0,2189.0
2017-01-04 17:27:59,12,10,Binky,,Chihuahua,,
2017-01-03 17:33:39,11,10,Dudley,,Labrador_retriever,9057.0,2112.0
2017-01-03 01:20:49,12,10,Comet,,Pomeranian,9427.0,2328.0
2017-01-02 18:38:42,11,10,Jack,,Chihuahua,,
2017-01-02 17:00:46,13,10,,pupper,Tibetan_mastiff,23602.0,9149.0
2017-01-02 01:48:06,11,10,Akumi,,Border_collie,10379.0,2450.0
2017-01-01 19:22:38,12,10,Titan,,German_shepherd,,
2016-12-31 00:08:17,11,10,Cooper,pupper,dalmatian,8063.0,1385.0
2016-12-30 01:05:33,12,10,Olivia,,golden_retriever,11874.0,2920.0
2016-12-29 17:54:58,12,10,Alf,,miniature_poodle,9112.0,2001.0
2016-12-28 16:56:16,12,10,Oshie,,golden_retriever,,
2016-12-28 00:52:25,11,10,Chubbs,doggo,Siberian_husky,9812.0,2020.0
2016-12-27 18:24:12,14,10,,,French_bulldog,38401.0,15111.0
2016-12-27 17:36:16,12,10,Sky,,malamute,8800.0,1895.0
2016-12-26 03:00:30,13,10,,,Samoyed,19686.0,7892.0
2016-12-26 02:00:11,11,10,,doggo,cocker_spaniel,9704.0,1945.0
2016-12-26 01:00:05,13,10,,,golden_retriever,20949.0,4705.0
2016-12-25 22:00:04,13,10,,,beagle,,
2016-12-25 21:00:18,11,10,,doggo,Norwegian_elkhound,12511.0,3378.0
2016-12-25 19:00:02,11,10,Rocky,doggo,Great_Dane,11124.0,3877.0
2016-12-25 18:00:17,11,10,Baron,,Doberman,,
2016-12-25 17:00:08,12,10,Tyr,,toy_terrier,,
2016-12-25 16:00:16,13,10,Bauer,,golden_retriever,22125.0,7919.0
2016-12-24 22:04:54,10,10,Swagger,,bull_mastiff,,
2016-12-24 17:18:34,12,10,,,Irish_setter,6987.0,1540.0
2016-12-23 19:00:19,13,10,Moe,,golden_retriever,,
2016-12-22 17:23:53,11,10,Ted,,Staffordshire_bullterrier,,
2016-12-22 01:24:33,13,10,Halo,,Pekinese,,
2016-12-21 17:39:46,10,10,Augie,,beagle,13500.0,3368.0
2016-12-21 01:44:13,11,10,Craig,pupper,Pembroke,22096.0,6894.0
2016-12-19 17:14:23,11,10,Hunter,,flat-coated_retriever,9561.0,1931.0
2016-12-19 01:26:42,11,10,Pavlov,,malamute,,
2016-12-18 00:43:57,13,10,Phil,,malamute,37368.0,12317.0
2016-12-17 22:43:27,12,10,Gus,,Staffordshire_bullterrier,,
2016-12-17 00:38:52,10,10,,,Norwich_terrier,16365.0,4227.0
2016-12-15 17:23:04,12,10,,,Greater_Swiss_Mountain_dog,7325.0,1584.0
2016-12-15 02:14:29,12,10,Kyro,,Pomeranian,,
2016-12-14 17:16:53,11,10,Wallace,,vizsla,13980.0,3803.0
2016-12-14 00:57:20,13,10,Ito,,Rottweiler,10695.0,3290.0
2016-12-13 02:39:32,12,10,Koda,,Airedale,,
2016-12-12 00:29:28,12,10,,pupper,golden_retriever,,
2016-12-11 17:31:39,12,10,Cooper,,Labrador_retriever,13299.0,3833.0
2016-12-10 16:22:02,14,10,,pupper,golden_retriever,15395.0,3967.0
2016-12-09 06:17:20,13,10,Stephan,,Chihuahua,125435.0,60187.0
2016-12-08 23:53:08,12,10,Lennon,,golden_retriever,13799.0,4150.0
2016-12-07 16:53:43,11,10,Waffles,,vizsla,10804.0,2554.0
2016-12-06 19:29:28,11,10,,,chow,6805.0,1287.0
2016-12-06 00:32:26,12,10,Major,,Norwegian_elkhound,8748.0,2070.0
2016-12-05 17:31:15,12,10,Duke,,Siberian_husky,6964.0,1982.0
2016-12-04 21:14:20,13,10,,,malinois,6077.0,1779.0
2016-12-04 00:30:29,12,10,Shooter,,Pembroke,,
2016-12-02 17:27:25,12,10,Django,,Tibetan_mastiff,14520.0,4158.0
2016-11-30 01:31:12,12,10,Diogi,puppo,miniature_pinscher,10632.0,2994.0
2016-11-29 16:33:36,13,10,,pupper,Labrador_retriever,11613.0,4458.0
2016-11-28 16:37:19,11,10,Winston,,Pembroke,10603.0,2661.0
2016-11-27 19:09:28,12,10,Marley,,chow,9556.0,2171.0
2016-11-26 18:00:13,12,10,Winnie,,golden_retriever,9467.0,2701.0
2016-11-25 21:37:47,11,10,,pupper,Labrador_retriever,,
2016-11-25 19:55:35,12,10,Loki,puppo,Eskimo_dog,9601.0,2830.0
2016-11-25 01:18:59,12,10,Ronnie,,Staffordshire_bullterrier,8172.0,1849.0
2016-11-23 21:29:33,12,10,Wallace,,Pembroke,8684.0,2219.0
2016-11-22 20:58:07,13,10,Milo,,cocker_spaniel,25953.0,6422.0
2016-11-22 17:28:25,12,10,Bones,pupper,dalmatian,8548.0,2262.0
2016-11-21 17:23:47,12,10,,,cocker_spaniel,11129.0,2999.0
2016-11-21 01:37:04,11,10,Chef,,Pembroke,13904.0,3259.0
2016-11-20 17:20:08,12,10,Doc,floofer,golden_retriever,,
2016-11-20 00:59:15,13,10,Peaches,,golden_retriever,16217.0,2774.0
2016-11-18 23:35:32,13,10,Sobe,doggo,Border_collie,,
2016-11-18 01:24:14,12,10,,,miniature_pinscher,8532.0,2070.0
2016-11-17 17:04:16,11,10,Jeffrey,,malamute,,
2016-11-17 01:35:54,11,10,Mister,,Norfolk_terrier,8550.0,2667.0
2016-11-16 17:01:16,12,10,Iroh,,Siberian_husky,13913.0,4842.0
2016-11-16 16:28:21,11,10,Shadow,,West_Highland_white_terrier,7887.0,1542.0
2016-11-14 17:03:50,13,10,Cooper,,Pekinese,10993.0,2766.0
2016-11-14 01:18:12,12,10,,pupper,American_Staffordshire_terrier,,
2016-11-12 21:02:38,12,10,Cassie,,Pembroke,15389.0,5250.0
2016-11-12 00:36:46,12,10,Pancake,,collie,21154.0,7194.0
2016-11-11 00:03:42,12,10,Tyr,,Cardigan,,
2016-11-10 17:02:03,11,10,Romeo,,American_Staffordshire_terrier,12562.0,3307.0
2016-11-09 22:49:15,12,10,,doggo,cocker_spaniel,8020.0,1908.0
2016-11-09 16:22:22,12,10,Snicku,,Pekinese,11662.0,4513.0
2016-11-09 00:37:46,11,10,Ruby,,golden_retriever,,
2016-11-08 22:25:27,11,10,,,Cardigan,,
2016-11-08 20:00:55,12,10,Yogi,,chow,,
2016-11-08 16:47:50,13,10,Daisy,,golden_retriever,,
2016-11-07 03:14:10,13,10,,doggo,golden_retriever,52705.0,25813.0
2016-11-06 22:59:35,12,10,Brody,,golden_retriever,,
2016-11-04 00:15:59,12,10,,,Samoyed,10147.0,2879.0
2016-11-02 23:45:19,12,10,Maximus,,Labrador_retriever,17806.0,5290.0
2016-11-02 16:00:06,13,10,Clark,,Old_English_sheepdog,9760.0,2029.0
2016-11-01 23:53:02,12,10,Dobby,,miniature_pinscher,8451.0,1762.0
2016-11-01 17:12:16,12,10,Fiona,,golden_retriever,,
2016-11-01 03:00:09,13,10,Moreton,,Afghan_hound,26046.0,9961.0
2016-11-01 02:00:14,12,10,Dave,,Siberian_husky,,
2016-11-01 01:00:05,12,10,,,basset,,
2016-11-01 00:00:38,13,10,Tucker,,golden_retriever,11136.0,3552.0
2016-10-31 23:00:11,11,10,Juno,,wire-haired_fox_terrier,10430.0,3103.0
2016-10-31 21:00:23,12,10,Lily,puppo,Labrador_retriever,,
2016-10-31 20:00:05,11,10,Newt,,Lakeland_terrier,,
2016-10-31 19:00:10,12,10,Benji,,golden_retriever,,
2016-10-31 18:00:14,11,10,Nida,,Italian_greyhound,6532.0,1839.0
2016-10-31 16:00:13,11,10,Robin,,Labrador_retriever,,
2016-10-30 17:02:53,12,10,Monster,,Yorkshire_terrier,7774.0,1814.0
2016-10-29 15:55:58,12,10,,,cocker_spaniel,14240.0,4649.0
2016-10-28 17:07:05,11,10,Remus,,komondor,7602.0,1957.0
2016-10-27 16:06:04,13,10,,,golden_retriever,12430.0,3375.0
2016-10-26 22:31:36,12,10,Levi,,Pembroke,13881.0,4458.0
2016-10-26 16:14:55,12,10,Mabel,,miniature_pinscher,,
2016-10-25 18:44:32,12,10,Misty,,cocker_spaniel,,
2016-10-24 23:37:28,12,10,Mosby,,Bernese_mountain_dog,8677.0,2073.0
2016-10-23 23:42:19,12,10,Maggie,,Pembroke,,
2016-10-23 19:42:02,11,10,Bruce,,Labrador_retriever,,
2016-10-22 00:45:17,13,10,Eli,,chow,,
2016-10-21 22:48:24,12,10,Brownie,,Chesapeake_Bay_retriever,,
2016-10-21 18:16:44,12,10,Rizzy,,schipperke,12448.0,3655.0
2016-10-21 00:53:56,10,10,Stella,,malamute,9642.0,2803.0
2016-10-20 16:15:26,12,10,Bo,,Chihuahua,,
2016-10-19 15:37:03,12,10,Butter,,cocker_spaniel,29033.0,11149.0
2016-10-18 16:11:17,11,10,Dexter,,golden_retriever,16468.0,5724.0
2016-10-18 00:41:57,13,10,,,Samoyed,,
2016-10-17 22:51:57,13,10,Leo,,chow,6493.0,1408.0
2016-10-17 00:20:47,11,10,Frank,,pug,9171.0,3305.0
2016-10-16 18:11:26,13,10,Tonks,puppo,German_shepherd,10813.0,3015.0
2016-10-15 21:01:17,11,10,Moose,,Chihuahua,,
2016-10-14 16:13:10,12,10,Rory,,golden_retriever,28118.0,8621.0
2016-10-13 20:28:35,12,10,,,Leonberg,11254.0,2757.0
2016-10-13 15:54:28,11,10,Dale,,Pembroke,9953.0,3347.0
2016-10-13 00:29:39,13,10,Rizzo,doggo,golden_retriever,11509.0,3776.0
2016-10-12 15:55:59,11,10,Mattie,,Labrador_retriever,,
2016-10-11 16:00:24,12,10,Rusty,,Great_Pyrenees,,
2016-10-10 17:32:08,11,10,Dallas,,miniature_pinscher,,
2016-10-08 18:41:19,13,10,Rusty,,chow,,
2016-10-07 22:15:26,11,10,Frankie,,malamute,,
2016-10-07 16:33:21,12,10,Stormy,,miniature_poodle,6022.0,1382.0
2016-10-06 00:08:09,12,10,Mairi,,Lakeland_terrier,,
2016-10-05 15:47:27,12,10,Loomis,,chow,,
2016-10-05 00:40:09,11,10,Finn,,Chihuahua,8925.0,2427.0
2016-10-04 19:42:03,13,10,Godi,,Norwegian_elkhound,17793.0,5931.0
2016-10-04 15:55:06,12,10,Dave,,Cardigan,30815.0,12616.0
2016-10-03 23:25:55,11,10,Earl,,Chesapeake_Bay_retriever,,
2016-10-03 01:00:34,11,10,Deacon,doggo,golden_retriever,7891.0,1506.0
2016-10-02 23:23:04,10,10,Penny,,Irish_setter,18236.0,5825.0
2016-10-02 15:10:30,11,10,Timmy,,malamute,,
2016-10-01 19:47:08,12,10,Sampson,doggo,briard,17577.0,6007.0
2016-09-30 01:08:10,5,10,,,Pembroke,11008.0,2918.0
2016-09-28 21:56:36,11,10,Oakley,,Mexican_hairless,,
2016-09-28 16:07:23,10,10,,,Shetland_sheepdog,10313.0,2948.0
2016-09-27 19:54:58,10,10,Dash,,Chesapeake_Bay_retriever,7577.0,2156.0
2016-09-27 16:06:28,11,10,Koda,,Siberian_husky,,
2016-09-27 02:53:48,12,10,Hercules,,Saint_Bernard,12745.0,3594.0
2016-09-26 23:04:13,12,10,,,golden_retriever,6639.0,1859.0
2016-09-26 17:29:48,11,10,Bear,,Great_Dane,5574.0,1150.0
2016-09-25 23:47:39,11,10,,,vizsla,9161.0,2405.0
2016-09-25 00:06:08,11,10,Scout,,golden_retriever,19981.0,7627.0
2016-09-23 01:00:13,12,10,Reggie,,toy_poodle,,
2016-09-22 20:33:42,13,10,,,Chihuahua,,
2016-09-22 16:13:51,11,10,Jay,,cocker_spaniel,21053.0,7805.0
2016-09-22 00:13:04,11,10,,,Staffordshire_bullterrier,,
2016-09-21 17:42:10,10,10,Strider,,German_shepherd,,
2016-09-21 16:00:17,11,10,Penny,,Airedale,4893.0,1084.0
2016-09-21 01:39:11,14,10,,,Pembroke,,
2016-09-21 00:00:35,13,10,Nala,,collie,6164.0,1190.0
2016-09-20 17:36:50,11,10,Stanley,,Boston_bull,10924.0,3541.0
2016-09-20 01:12:28,12,10,,pupper,German_shepherd,8907.0,2824.0
2016-09-19 15:00:20,3,10,Wesley,,Afghan_hound,6701.0,1768.0
2016-09-19 01:42:24,12,10,,,cocker_spaniel,11818.0,3166.0
2016-09-18 21:33:11,12,10,Derek,,chow,,
2016-09-17 16:57:35,12,10,Jeffrey,,Chihuahua,15072.0,4644.0
2016-09-16 16:00:31,12,10,Solomon,,toy_poodle,5131.0,1302.0
2016-09-15 17:48:25,11,10,Huck,pupper,Labrador_retriever,,
2016-09-15 00:36:55,13,10,,floofer,Samoyed,,
2016-09-14 23:30:38,10,10,,,Rottweiler,,
2016-09-13 23:44:54,12,10,Blue,,chow,12308.0,2866.0
2016-09-12 16:05:54,11,10,Finley,doggo,beagle,7812.0,3189.0
2016-09-11 21:34:30,13,10,Tucker,,chow,16355.0,5066.0
2016-09-10 23:54:11,12,10,Finley,,toy_poodle,,
2016-09-10 16:03:16,10,10,Sprinkles,,Walker_hound,7069.0,1853.0
2016-09-09 18:31:54,14,10,,,Eskimo_dog,22901.0,5965.0
2016-09-08 16:33:46,12,10,,,Pomeranian,,
2016-09-08 02:09:06,12,10,Loki,,silky_terrier,6946.0,1738.0
2016-09-07 23:52:41,10,10,Shakespeare,,Old_English_sheepdog,5598.0,1392.0
2016-09-07 15:44:53,11,10,Chelsea,pupper,Norwegian_elkhound,23216.0,6611.0
2016-09-06 16:10:20,12,10,Grey,,Blenheim_spaniel,,
2016-09-05 15:58:34,11,10,Roosevelt,,basset,,
2016-09-04 23:46:12,10,10,,,Newfoundland,6817.0,1811.0
2016-09-03 22:02:38,12,10,Willem,pupper,Pembroke,6335.0,1490.0
2016-09-03 19:23:13,10,10,,,golden_retriever,3981.0,1197.0
2016-09-03 17:02:54,12,10,Jack,,Labrador_retriever,,
2016-09-03 16:04:27,11,10,Penny,,Pembroke,4206.0,994.0
2016-09-02 18:03:10,11,10,Davey,,papillon,12607.0,3635.0
2016-09-02 00:12:18,12,10,Dakota,,Labrador_retriever,,
2016-09-01 16:14:48,11,10,Fizz,,collie,11031.0,5449.0
2016-08-31 21:47:27,12,10,Charlie,,Labrador_retriever,,
2016-08-31 00:58:39,10,10,Winston,,Bernese_mountain_dog,5191.0,1298.0
2016-08-30 23:58:40,11,10,Sebastian,,chow,5450.0,1510.0
2016-08-29 16:14:30,10,10,Jackson,,Italian_greyhound,6537.0,1598.0
2016-08-29 01:22:47,10,10,Carbon,,Boston_bull,7938.0,2450.0
2016-08-28 16:51:16,12,10,Klein,,miniature_pinscher,,
2016-08-28 00:37:54,13,10,Titan,,pug,6703.0,1767.0
2016-08-26 16:37:54,12,10,,,golden_retriever,5675.0,1830.0
2016-08-26 00:38:52,12,10,Kirby,,Pomeranian,15117.0,6997.0
2016-08-25 16:58:45,11,10,Jesse,,chow,4406.0,952.0
2016-08-25 00:43:02,10,10,Lou,,basenji,4316.0,1289.0
2016-08-24 23:50:10,12,10,,,Great_Pyrenees,5266.0,1365.0
2016-08-24 15:43:39,11,10,Chevy,,Labrador_retriever,,
2016-08-22 16:06:54,11,10,Philbert,,vizsla,,
2016-08-21 23:15:55,12,10,Louie,,chow,,
2016-08-20 22:12:29,13,10,Rupert,,toy_poodle,,
2016-08-20 00:26:19,10,10,Rufus,,beagle,5326.0,1451.0
2016-08-19 17:47:52,11,10,Brudge,,Doberman,4222.0,844.0
2016-08-18 23:55:18,9,10,Shadoe,,keeshond,6311.0,1702.0
2016-08-18 16:38:26,12,10,Oscar,,toy_poodle,,
2016-08-18 00:28:24,12,10,Juno,,redbone,4466.0,913.0
2016-08-17 20:27:34,11,10,Angel,,Welsh_springer_spaniel,,
2016-08-17 01:20:27,12,10,Brat,,golden_retriever,7587.0,2285.0
2016-08-16 22:00:23,12,10,Tove,,beagle,,
2016-08-16 03:52:26,13,10,Zoey,,Pembroke,27732.0,3629.0
2016-08-16 02:14:15,11,10,Louie,pupper,golden_retriever,7436.0,2306.0
2016-08-15 16:22:20,10,10,Gromit,,dalmatian,12161.0,3608.0
2016-08-14 16:13:27,12,10,Aubie,,Bernese_mountain_dog,6744.0,1897.0
2016-08-13 00:38:30,10,10,,,German_shepherd,6329.0,1616.0
2016-08-11 20:40:41,11,10,Alfie,,malamute,,
2016-08-10 01:23:03,8,10,Clark,,miniature_poodle,5661.0,1571.0
2016-08-08 17:19:51,11,10,Leela,,kelpie,12734.0,3864.0
2016-08-08 02:13:34,12,10,Glenn,,Samoyed,,
2016-08-08 01:44:46,12,10,Buddy,,chow,,
2016-08-06 17:26:19,12,10,Shelby,,Labrador_retriever,5650.0,2152.0
2016-08-05 16:28:54,11,10,Sephie,,Gordon_setter,4325.0,1256.0
2016-08-04 22:52:29,10,10,Bruce,,Norwegian_elkhound,5443.0,1544.0
2016-08-04 20:09:17,11,10,Bonaparte,,standard_poodle,4672.0,1170.0
2016-08-04 01:03:17,11,10,,,golden_retriever,11843.0,3703.0
2016-08-03 17:43:45,11,10,Wishes,doggo,Blenheim_spaniel,,
2016-08-03 02:02:14,11,10,Rose,,golden_retriever,,
2016-08-02 18:14:06,12,10,Atlas,,Samoyed,,
2016-08-02 01:44:48,13,10,Rocco,,Old_English_sheepdog,,
2016-08-01 01:28:46,10,10,,,Labrador_retriever,15328.0,6020.0
2016-07-31 20:21:02,11,10,Kirby,,Sussex_spaniel,7021.0,2111.0
2016-07-31 16:50:42,12,10,,pupper,golden_retriever,6242.0,2026.0
2016-07-31 01:12:26,10,10,Emma,,golden_retriever,4908.0,1249.0
2016-07-30 17:56:51,11,10,Oakley,,kuvasz,8880.0,2594.0
2016-07-30 01:22:17,12,10,Luna,,kuvasz,,
2016-07-29 18:53:24,7,10,Toby,,Shetland_sheepdog,15193.0,4440.0
2016-07-29 15:27:55,11,10,Spencer,,Labrador_retriever,,
2016-07-29 00:57:05,13,10,,doggo,Chesapeake_Bay_retriever,11678.0,4074.0
2016-07-28 19:06:01,12,10,Boston,,Chesapeake_Bay_retriever,,
2016-07-28 01:31:38,11,10,Brandonald,,Pembroke,4001.0,1057.0
2016-07-27 20:56:24,10,10,Odie,,Chesapeake_Bay_retriever,,
2016-07-27 17:35:10,11,10,Corey,,Pembroke,3577.0,1155.0
2016-07-25 16:21:11,12,10,Cooper,,bluetick,,
2016-07-25 01:52:43,10,10,,doggo,Labrador_retriever,,
2016-07-24 23:20:20,8,10,,,Italian_greyhound,,
2016-07-23 23:42:53,11,10,Oliver,,golden_retriever,6558.0,2114.0
2016-07-23 19:49:07,12,10,Jax,pupper,golden_retriever,6940.0,2136.0
2016-07-23 00:46:50,11,10,Gert,,Pembroke,5286.0,1388.0
2016-07-22 01:42:09,11,10,,,golden_retriever,,
2016-07-21 23:53:04,10,10,,puppo,Airedale,6702.0,1615.0
2016-07-21 02:41:54,12,10,,pupper,Pekinese,7650.0,3078.0
2016-07-18 18:43:07,13,10,Watson,,Labrador_retriever,,
2016-07-18 01:53:28,11,10,Winnie,,golden_retriever,,
2016-07-16 22:55:55,11,10,Dex,,beagle,3909.0,776.0
2016-07-16 01:08:03,10,10,,,chow,8192.0,2482.0
2016-07-15 17:56:40,12,10,Charlie,,French_bulldog,,
2016-07-14 18:22:23,10,10,,,miniature_pinscher,6100.0,2304.0
2016-07-14 01:19:12,12,10,Scout,,whippet,6018.0,2042.0
2016-07-13 23:48:51,8,10,Hank,,bluetick,7969.0,2475.0
2016-07-13 18:26:16,11,10,Ace,,chow,,
2016-07-13 00:43:15,10,10,Tayzie,,Pembroke,4072.0,1039.0
2016-07-12 17:27:23,11,10,Grizzie,,German_shepherd,7199.0,1672.0
2016-07-12 01:52:49,10,10,,doggo,German_shepherd,6239.0,1704.0
2016-07-11 02:51:40,8,10,,doggo,Bedlington_terrier,3980.0,1173.0
2016-07-10 16:10:29,12,10,Brody,,Labrador_retriever,6206.0,1952.0
2016-07-10 00:32:46,11,10,Ruby,,Lakeland_terrier,5429.0,1435.0
2016-07-09 17:28:29,12,10,Tucker,,chow,6043.0,2073.0
2016-07-09 02:06:27,13,10,Toby,,toy_poodle,,
2016-07-09 01:08:47,5,10,,pupper,dalmatian,4583.0,1176.0
2016-07-08 22:09:27,10,10,Max,,Labrador_retriever,5254.0,1345.0
2016-07-08 16:44:23,12,10,,pupper,golden_retriever,3339.0,1065.0
2016-07-08 03:07:09,10,10,Gilbert,,Walker_hound,13023.0,6236.0
2016-07-08 00:04:50,12,10,,,Labrador_retriever,6573.0,1950.0
2016-07-07 19:16:47,10,10,Cooper,puppo,Labrador_retriever,,
2016-07-07 01:47:22,11,10,Milo,pupper,toy_poodle,,
2016-07-06 15:54:42,12,10,Meyer,,Pembroke,13759.0,5351.0
2016-07-05 20:41:01,12,10,Arnie,,golden_retriever,,
2016-07-05 17:38:41,9,10,Zoe,pupper,Border_collie,4744.0,1211.0
2016-07-05 02:00:06,13,10,,,pug,3240.0,1020.0
2016-07-05 01:00:05,11,10,Stewie,,toy_poodle,3790.0,1358.0
2016-07-05 00:00:18,10,10,Calvin,,Shih-Tzu,4508.0,1377.0
2016-07-04 23:00:03,11,10,Lilah,,golden_retriever,3168.0,896.0
2016-07-04 22:00:12,12,10,Spanky,,pug,2267.0,571.0
2016-07-04 21:00:04,10,10,,pupper,redbone,8193.0,3547.0
2016-07-04 20:00:23,11,10,Jameson,,Saluki,,
2016-07-04 19:00:33,13,10,Beau,,Labrador_retriever,3307.0,655.0
2016-07-04 16:00:22,12,10,Bo,,Old_English_sheepdog,3170.0,857.0
2016-07-04 01:17:51,12,10,Lucy,,Pekinese,4854.0,1392.0
2016-07-03 01:41:06,11,10,Finn,pupper,papillon,6349.0,1762.0
2016-07-03 00:43:15,10,10,,,Chesapeake_Bay_retriever,,
2016-07-03 00:14:27,10,10,George,,Pomeranian,8943.0,3674.0
2016-07-02 19:01:20,12,10,Blu,floofer,wire-haired_fox_terrier,5708.0,2347.0
2016-07-02 02:17:13,11,10,Winston,,pug,4986.0,1606.0
2016-07-01 17:33:49,13,10,,doggo,borzoi,6072.0,2397.0
2016-07-01 02:06:06,11,10,Tripp,,Pembroke,,
2016-06-30 17:28:39,12,10,Cora,,Tibetan_terrier,2273.0,709.0
2016-06-30 02:45:28,10,10,,,borzoi,,
2016-06-30 01:15:31,11,10,Duke,,Shetland_sheepdog,,
2016-06-29 01:23:16,10,10,,pupper,kelpie,,
2016-06-28 23:23:19,11,10,,,Samoyed,,
2016-06-28 20:14:22,8,10,,,kuvasz,3060.0,1040.0
2016-06-28 17:28:22,11,10,Huxley,,Pembroke,2923.0,788.0
2016-06-28 15:40:07,4,10,,,Pembroke,5034.0,1226.0
2016-06-28 01:21:27,10,10,,,Chesapeake_Bay_retriever,2411.0,583.0
2016-06-27 00:07:44,11,10,Atticus,,Shetland_sheepdog,,
2016-06-25 19:42:08,10,10,,,Boston_bull,5063.0,1681.0
2016-06-25 15:29:00,12,10,Abby,,golden_retriever,,
2016-06-25 00:56:43,10,10,Shiloh,,toy_poodle,,
2016-06-24 00:04:36,10,10,Gustav,,chow,7176.0,2329.0
2016-06-23 19:05:49,11,10,,,Shetland_sheepdog,3680.0,858.0
2016-06-23 01:25:06,10,10,Gus,,Pekinese,4175.0,1126.0
2016-06-22 01:06:43,9,10,,,Labrador_retriever,,
2016-06-21 00:54:33,12,10,Oliver,,Shetland_sheepdog,7506.0,2402.0
2016-06-20 20:49:19,9,10,Abby,puppo,Old_English_sheepdog,3077.0,653.0
2016-06-20 19:11:53,12,10,,,toy_poodle,8164.0,2846.0
2016-06-20 01:54:27,10,10,Harvey,,Shetland_sheepdog,5800.0,1645.0
2016-06-19 01:02:50,11,10,Blanket,,Samoyed,,
2016-06-18 18:26:18,13,10,,doggo,Labrador_retriever,,
2016-06-18 01:33:55,11,10,Geno,,bull_mastiff,4309.0,1147.0
2016-06-17 19:59:26,10,10,,,dalmatian,,
2016-06-17 01:00:24,10,10,Stark,,Weimaraner,4638.0,1451.0
2016-06-16 01:25:36,10,10,Kilo,puppo,malamute,4377.0,1286.0
2016-06-15 23:24:09,12,10,,pupper,kuvasz,6417.0,1996.0
2016-06-15 22:36:19,10,10,,,golden_retriever,3990.0,1439.0
2016-06-13 18:27:32,12,10,Bell,,pug,10172.0,3985.0
2016-06-13 15:59:24,11,10,Phil,,Cardigan,,
2016-06-12 00:44:30,10,10,,,kuvasz,,
2016-06-11 21:27:17,11,10,Aqua,pupper,Labrador_retriever,8477.0,2911.0
2016-06-11 01:13:51,9,10,Tucker,,Chesapeake_Bay_retriever,3800.0,873.0
2016-06-10 16:19:48,12,10,Theodore,,Chihuahua,9087.0,3390.0
2016-06-10 00:39:48,12,10,,pupper,golden_retriever,9800.0,3253.0
2016-06-09 19:52:53,10,10,Leo,,malamute,,
2016-06-09 01:07:06,9,10,,,toy_poodle,,
2016-06-08 02:41:38,14,10,,,golden_retriever,,
2016-06-08 01:45:19,9,10,Chase,,golden_retriever,3416.0,898.0
2016-06-07 00:36:02,12,10,Nollie,,Irish_water_spaniel,20665.0,6224.0
2016-06-06 21:32:13,10,10,Rorie,,redbone,4194.0,1130.0
2016-06-06 15:40:26,12,10,Simba,,toy_poodle,3927.0,897.0
2016-06-05 23:53:41,9,10,Benji,pupper,Blenheim_spaniel,5557.0,1739.0
2016-06-05 15:54:48,6,10,Kyle,,Walker_hound,7428.0,3079.0
2016-06-04 23:31:25,13,10,,doggo,Eskimo_dog,,
2016-06-04 00:01:35,10,10,,,Labrador_retriever,3447.0,850.0
2016-06-03 01:07:16,11,10,Bayley,puppo,chow,5275.0,1637.0
2016-06-02 01:44:22,9,10,,,Bedlington_terrier,,
2016-06-02 00:32:39,12,10,Axel,,keeshond,9095.0,3577.0
2016-06-01 23:52:28,10,10,Storkson,,pug,,
2016-06-01 02:00:04,10,10,Remy,,vizsla,5452.0,1853.0
2016-06-01 00:17:54,10,10,Bella,,malamute,10337.0,3633.0
2016-05-31 16:14:39,11,10,,,Pembroke,5204.0,1394.0
2016-05-31 00:49:32,13,10,,floofer,Samoyed,10621.0,4688.0
2016-05-29 01:49:16,13,10,Chadrick,,schipperke,4439.0,1823.0
2016-05-27 15:58:54,10,10,,,Labrador_retriever,8400.0,2907.0
2016-05-27 00:32:10,11,10,Maxaroni,,cocker_spaniel,3721.0,1210.0
2016-05-26 01:47:51,12,10,,pupper,Pembroke,4133.0,1153.0
2016-05-26 00:54:06,11,10,Dakota,,pug,,
2016-05-24 23:47:49,8,10,Kellogg,doggo,Staffordshire_bullterrier,3447.0,932.0
2016-05-24 15:55:00,9,10,Buckley,pupper,Walker_hound,,
2016-05-24 01:02:00,10,10,Jax,,Maltese_dog,2832.0,545.0
2016-05-23 16:46:51,13,10,,,golden_retriever,12986.0,6616.0
2016-05-23 16:01:50,11,10,Livvie,,Siberian_husky,2595.0,570.0
2016-05-21 01:13:53,10,10,Terry,,beagle,,
2016-05-21 00:50:46,10,10,Moose,floofer,Lhasa,3780.0,1060.0
2016-05-20 00:51:30,11,10,Hermione,,chow,,
2016-05-19 01:38:16,12,10,,pupper,golden_retriever,50846.0,17663.0
2016-05-18 00:14:46,11,10,Aldrick,,Pomeranian,3654.0,925.0
2016-05-17 14:57:41,10,10,,,Staffordshire_bullterrier,,
2016-05-16 00:31:53,11,10,Larry,,English_setter,15407.0,5726.0
2016-05-14 00:49:30,12,10,Solomon,,Pembroke,3601.0,1028.0
2016-05-12 01:40:42,10,10,Rooney,pupper,American_Staffordshire_terrier,5069.0,2252.0
2016-05-11 15:59:50,11,10,Crystal,,Eskimo_dog,3582.0,1099.0
2016-05-11 01:44:07,11,10,Ziva,,pug,3946.0,1102.0
2016-05-10 00:01:12,13,10,Stefan,,kelpie,4117.0,1300.0
2016-05-09 00:11:16,13,10,Pupcasso,,German_shepherd,,
2016-05-07 16:34:32,11,10,Puff,,Maltese_dog,,
2016-05-07 01:37:30,13,10,,,Pembroke,4829.0,1783.0
2016-05-07 00:59:55,10,10,Flurpson,,Saint_Bernard,2865.0,707.0
2016-05-06 00:53:27,12,10,,,collie,3790.0,1004.0
2016-05-05 02:21:37,11,10,Raymond,,Newfoundland,,
2016-05-05 00:16:48,11,10,Rueben,pupper,cocker_spaniel,4227.0,1149.0
2016-05-04 02:26:00,12,10,Cilantro,,Border_collie,3037.0,665.0
2016-05-03 23:42:26,13,10,,doggo,Great_Pyrenees,6079.0,1830.0
2016-05-03 15:46:33,10,10,,pupper,Pomeranian,,
2016-05-03 01:50:44,11,10,,pupper,toy_poodle,,
2016-05-02 16:38:15,10,10,Karll,,flat-coated_retriever,4013.0,1447.0
2016-05-01 21:32:40,10,10,Blitz,,soft-coated_wheaten_terrier,,
2016-05-01 17:38:46,12,10,Bloop,,miniature_pinscher,3668.0,1043.0
2016-04-30 01:41:23,9,10,,,standard_poodle,4550.0,1198.0
2016-04-29 00:21:01,12,10,Colby,,toy_poodle,,
2016-04-28 20:40:11,11,10,Lillie,pupper,chow,4286.0,1424.0
2016-04-28 16:52:08,12,10,Lola,,boxer,5351.0,1873.0
2016-04-26 15:29:30,12,10,,,golden_retriever,3831.0,1366.0
2016-04-26 01:26:53,11,10,,doggo,German_short-haired_pointer,,
2016-04-25 01:12:38,10,10,Ashleigh,pupper,golden_retriever,5460.0,1720.0
2016-04-24 01:38:33,10,10,Kreggory,,Border_collie,4457.0,1847.0
2016-04-24 01:24:35,10,10,Sarge,,boxer,,
2016-04-23 16:34:28,12,10,Sugar,,Samoyed,4020.0,1287.0
2016-04-23 00:41:42,10,10,Ivar,,golden_retriever,3117.0,933.0
2016-04-21 02:25:47,13,10,,,Great_Dane,4220.0,1641.0
2016-04-20 02:30:23,12,10,Schnitzel,,Labrador_retriever,5120.0,1717.0
2016-04-17 00:58:53,11,10,Panda,,Pomeranian,4786.0,1960.0
2016-04-15 15:44:11,11,10,Oliver,pupper,Samoyed,2612.0,643.0
2016-04-15 01:26:47,12,10,Archie,,Chihuahua,,
2016-04-15 00:46:48,10,10,Berkeley,,Newfoundland,2561.0,709.0
2016-04-14 00:55:25,10,10,,,Rottweiler,4260.0,1571.0
2016-04-13 23:15:21,11,10,,,Pembroke,6576.0,2626.0
2016-04-13 01:22:10,9,10,Charleson,,Mexican_hairless,,
2016-04-13 00:17:25,11,10,Neptune,,Samoyed,,
2016-04-12 20:50:42,10,10,,doggo,golden_retriever,4983.0,1825.0
2016-04-11 15:43:12,10,10,Harnold,,malamute,5208.0,2018.0
2016-04-11 01:41:07,10,10,,,golden_retriever,,
2016-04-11 01:13:34,11,10,Pippa,,Dandie_Dinmont,3524.0,997.0
2016-04-10 01:20:33,10,10,Sadie,,golden_retriever,3599.0,1142.0
2016-04-09 23:10:47,12,10,Otis,,Pembroke,5395.0,1846.0
2016-04-09 02:47:55,10,10,,,Pomeranian,19442.0,8430.0
2016-04-09 01:35:37,11,10,Carper,,Labrador_retriever,,
2016-04-08 20:46:50,10,10,,,Maltese_dog,,
2016-04-08 01:19:36,3,10,Alexanderson,,Chihuahua,1990.0,519.0
2016-04-08 00:30:51,11,10,Suki,,malamute,3995.0,1051.0
2016-04-06 22:29:56,11,10,Barclay,,Brittany_spaniel,2531.0,618.0
2016-04-06 02:21:30,11,10,,,golden_retriever,,
2016-04-05 18:41:02,9,10,Ebby,,miniature_pinscher,3246.0,876.0
2016-04-04 17:53:31,12,10,,,golden_retriever,6458.0,2002.0
2016-04-04 15:22:08,10,10,Smokey,pupper,Siberian_husky,,
2016-04-04 01:41:58,10,10,Link,,malinois,4419.0,1233.0
2016-04-04 00:55:01,11,10,Jennifur,,Pomeranian,7492.0,1602.0
2016-04-03 01:36:11,11,10,Bluebert,,Siberian_husky,,
2016-04-02 15:25:47,12,10,Stephanus,,Yorkshire_terrier,2869.0,1131.0
2016-04-02 01:52:38,11,10,,doggo,golden_retriever,6932.0,1999.0
2016-04-01 15:46:52,11,10,Bubbles,,pug,3286.0,915.0
2016-04-01 02:51:22,10,10,,,Dandie_Dinmont,4816.0,1760.0
2016-04-01 00:26:15,10,10,Toby,,Staffordshire_bullterrier,4026.0,1350.0
2016-03-31 23:22:53,12,10,Zeus,,golden_retriever,,
2016-03-31 00:58:29,10,10,Oscar,,West_Highland_white_terrier,,
2016-03-30 16:52:36,10,10,Nico,,Chihuahua,,
2016-03-30 15:34:51,12,10,Michelangelope,,Chihuahua,5286.0,1970.0
2016-03-30 01:07:18,9,10,Calbert,,Brittany_spaniel,,
2016-03-29 23:29:14,10,10,Curtis,,Great_Pyrenees,4257.0,1482.0
2016-03-29 00:12:05,12,10,,,Norfolk_terrier,3744.0,967.0
2016-03-28 01:10:13,10,10,,,collie,,
2016-03-28 00:43:43,8,10,Thumas,,soft-coated_wheaten_terrier,,
2016-03-27 22:14:49,13,10,,,pug,2345.0,919.0
2016-03-27 17:25:54,10,10,,,Labrador_retriever,4444.0,1464.0
2016-03-27 02:43:58,12,10,Kanu,,Siberian_husky,3387.0,811.0
2016-03-26 16:15:05,12,10,Piper,,Brittany_spaniel,5035.0,1438.0
2016-03-25 17:03:49,11,10,,,Great_Pyrenees,,
2016-03-25 01:35:51,10,10,Lance,,whippet,7445.0,2952.0
2016-03-24 01:11:29,10,10,Stubert,,Labrador_retriever,19123.0,7037.0
2016-03-23 19:09:09,10,10,,,Great_Pyrenees,,
2016-03-23 15:53:42,10,10,,,Labrador_retriever,4299.0,1264.0
2016-03-22 02:03:52,10,10,,,Labrador_retriever,3915.0,1086.0
2016-03-22 01:16:55,11,10,,,Shih-Tzu,,
2016-03-21 02:38:34,11,10,Roosevelt,,Lakeland_terrier,2930.0,1030.0
2016-03-20 01:28:47,11,10,,,Pembroke,3775.0,1187.0
2016-03-19 01:54:56,11,10,Chuckles,pupper,French_bulldog,3087.0,641.0
2016-03-19 01:11:29,12,10,,,malamute,,
2016-03-18 14:19:56,12,10,Sora,,Pembroke,2776.0,558.0
2016-03-17 22:09:38,12,10,Beemo,,Pembroke,,
2016-03-17 01:55:02,11,10,Gunner,,Shih-Tzu,2209.0,541.0
2016-03-17 01:11:26,11,10,,,Old_English_sheepdog,4684.0,1308.0
2016-03-17 00:58:46,13,10,,,pug,2480.0,1178.0
2016-03-16 16:29:35,8,10,Tater,,Pekinese,2860.0,927.0
2016-03-16 14:54:24,11,10,,pupper,toy_poodle,5680.0,2088.0
2016-03-16 01:46:45,12,10,Watson,,Pembroke,,
2016-03-15 02:25:31,12,10,Olaf,,chow,3659.0,1261.0
2016-03-15 01:48:55,12,10,Cecil,,golden_retriever,,
2016-03-14 23:19:03,9,10,Vince,,cocker_spaniel,1537.0,245.0
2016-03-14 18:42:20,10,10,Karma,,Maltese_dog,2308.0,605.0
2016-03-14 16:02:49,8,10,Billy,,Shetland_sheepdog,2706.0,718.0
2016-03-14 03:50:21,11,10,Walker,,Labrador_retriever,2488.0,597.0
2016-03-14 02:39:42,11,10,Penny,,Chihuahua,,
2016-03-13 23:24:56,10,10,Rodney,,Siberian_husky,,
2016-03-13 02:43:08,9,10,,pupper,schipperke,,
2016-03-13 01:57:25,10,10,Malikai,,Eskimo_dog,1751.0,530.0
2016-03-13 00:24:26,10,10,Mister,,golden_retriever,,
2016-03-12 19:35:15,11,10,Coco,,Pomeranian,2834.0,854.0
2016-03-12 02:28:06,13,10,Bear,,Shih-Tzu,,
2016-03-12 01:49:25,11,10,Bobble,,Chihuahua,3193.0,853.0
2016-03-11 18:18:36,10,10,Oliver,,pug,3720.0,1389.0
2016-03-11 04:35:39,10,10,Jebberson,,Cardigan,,
2016-03-11 03:22:23,11,10,,,French_bulldog,3506.0,880.0
2016-03-11 02:36:57,9,10,Cooper,,Norwich_terrier,2772.0,1024.0
2016-03-11 01:56:49,10,10,Remington,,Staffordshire_bullterrier,1995.0,566.0
2016-03-10 20:26:26,13,10,,,malinois,,
2016-03-10 16:42:10,11,10,Rufus,,toy_poodle,2791.0,1014.0
2016-03-10 03:55:45,11,10,Sadie,,miniature_pinscher,3389.0,993.0
2016-03-10 01:35:01,10,10,,,whippet,,
2016-03-09 16:56:11,12,10,Harper,,golden_retriever,,
2016-03-09 03:45:22,11,10,,pupper,Lakeland_terrier,2365.0,620.0
2016-03-09 02:08:59,10,10,Clarkus,,Chihuahua,3624.0,1360.0
2016-03-09 01:26:57,9,10,,,golden_retriever,3391.0,1130.0
2016-03-08 21:23:50,10,10,Finnegus,pupper,Bernese_mountain_dog,,
2016-03-08 20:09:54,10,10,Cassie,,Blenheim_spaniel,2870.0,828.0
2016-03-08 04:25:07,11,10,Cupcake,,Samoyed,2669.0,708.0
2016-03-08 03:00:15,10,10,Kathmandu,,pug,2260.0,828.0
2016-03-08 01:52:18,12,10,Tucker,,cocker_spaniel,4212.0,1432.0
2016-03-08 01:25:10,11,10,Ellie,,Chihuahua,2381.0,623.0
2016-03-07 03:24:33,12,10,Katie,,toy_poodle,3443.0,1018.0
2016-03-06 17:52:42,11,10,,,chow,,
2016-03-06 16:27:23,12,10,,,golden_retriever,3205.0,1080.0
2016-03-06 05:11:12,12,10,Koda,,Tibetan_mastiff,3565.0,967.0
2016-03-06 02:46:44,12,10,,pupper,Pembroke,22062.0,8368.0
2016-03-05 23:51:49,11,10,Kara,,papillon,2826.0,965.0
2016-03-05 17:16:20,7,10,Dexter,,Samoyed,5320.0,1680.0
2016-03-05 04:36:02,10,10,Adele,pupper,Staffordshire_bullterrier,3213.0,770.0
2016-03-05 04:17:02,12,10,Lucy,,golden_retriever,3247.0,929.0
2016-03-04 23:32:15,10,10,Max,,collie,,
2016-03-04 03:13:11,11,10,,,basenji,,
2016-03-03 19:32:29,12,10,Zara,,golden_retriever,,
2016-03-03 17:19:38,12,10,Cooper,,Great_Pyrenees,,
2016-03-03 16:23:38,11,10,Ambrose,pupper,Chihuahua,3939.0,1761.0
2016-03-03 03:51:44,11,10,Jimothy,,Chihuahua,3107.0,778.0
2016-03-02 18:48:16,10,10,Terrenth,,collie,2222.0,535.0
2016-03-02 16:23:36,12,10,Reese,,Airedale,,
2016-03-02 03:30:25,12,10,,,Norfolk_terrier,4417.0,1165.0
2016-03-02 02:43:09,10,10,,pupper,pug,2335.0,572.0
2016-03-01 02:53:32,12,10,,,Chihuahua,3036.0,1048.0
2016-03-01 01:36:14,11,10,Lucia,,Samoyed,,
2016-02-29 17:56:32,12,10,Bisquick,,Pembroke,8289.0,3725.0
2016-02-28 02:50:28,10,10,,,Labrador_retriever,1902.0,486.0
2016-02-28 02:29:55,10,10,,,boxer,3400.0,1196.0
2016-02-27 16:03:45,10,10,Scooter,pupper,Pembroke,3991.0,1588.0
2016-02-27 03:42:44,9,10,,,miniature_pinscher,3927.0,1445.0
2016-02-27 00:55:11,12,10,Charlie,,golden_retriever,,
2016-02-26 23:10:06,9,10,Socks,,Border_collie,,
2016-02-26 04:48:02,11,10,,,Pembroke,7652.0,3252.0
2016-02-25 02:42:00,11,10,Lucy,,golden_retriever,3334.0,1135.0
2016-02-25 01:47:04,10,10,,,bloodhound,2280.0,586.0
2016-02-24 20:56:55,11,10,Sansa,pupper,kelpie,12603.0,3597.0
2016-02-24 17:04:07,12,10,,,Pomeranian,,
2016-02-24 02:36:23,12,10,,,West_Highland_white_terrier,3390.0,1087.0
2016-02-23 23:39:59,11,10,,,Boston_bull,2564.0,802.0
2016-02-23 04:06:20,12,10,Fiji,,Pomeranian,,
2016-02-23 02:12:47,11,10,Rilo,,toy_poodle,3960.0,1074.0
2016-02-22 21:59:57,11,10,Bilbo,,French_bulldog,,
2016-02-22 02:57:08,10,10,Coopson,,Chihuahua,2160.0,479.0
2016-02-22 00:53:31,9,10,Yoda,,Yorkshire_terrier,,
2016-02-21 23:13:01,10,10,Millie,pupper,Border_collie,,
2016-02-21 01:19:47,12,10,,,Chihuahua,12636.0,5365.0
2016-02-20 02:06:50,12,10,,pupper,kuvasz,,
2016-02-20 01:00:55,10,10,Crouton,,Rhodesian_ridgeback,2531.0,526.0
2016-02-19 18:24:26,11,10,,,Great_Pyrenees,,
2016-02-19 03:11:35,10,10,Vincent,,American_Staffordshire_terrier,,
2016-02-18 03:58:39,10,10,Dotsy,,beagle,2731.0,780.0
2016-02-18 02:24:13,10,10,,pupper,golden_retriever,7795.0,2875.0
2016-02-17 18:49:22,10,10,Coops,,West_Highland_white_terrier,2147.0,610.0
2016-02-17 17:01:14,9,10,Thumas,,Chihuahua,,
2016-02-17 03:45:29,11,10,Cooper,pupper,golden_retriever,3168.0,1009.0
2016-02-17 02:54:04,12,10,Nala,,Border_terrier,,
2016-02-17 02:17:19,10,10,,,malinois,2864.0,1308.0
2016-02-17 02:02:25,11,10,Fillup,,Dandie_Dinmont,,
2016-02-16 04:15:05,12,10,Archie,,Pembroke,,
2016-02-16 03:25:58,12,10,,pupper,golden_retriever,2236.0,530.0
2016-02-16 02:42:52,10,10,,,pug,1424.0,346.0
2016-02-16 02:04:04,11,10,Miley,,Samoyed,2148.0,645.0
2016-02-15 23:13:03,11,10,Calbert,,cairn,1954.0,459.0
2016-02-15 20:04:36,10,10,,,Labrador_retriever,3267.0,906.0
2016-02-15 03:55:41,8,10,Reagan,,schipperke,2542.0,686.0
2016-02-15 03:27:04,12,10,,,Shih-Tzu,3114.0,1249.0
2016-02-15 01:05:02,13,10,,pupper,Chihuahua,2693.0,1253.0
2016-02-14 21:55:47,13,10,Oliver,,Norfolk_terrier,3495.0,1029.0
2016-02-14 19:35:46,11,10,,,Italian_greyhound,,
2016-02-14 16:33:40,10,10,,,German_short-haired_pointer,2623.0,657.0
2016-02-14 03:29:49,10,10,Cuddles,,Samoyed,,
2016-02-14 03:01:06,7,10,Rusty,,Brittany_spaniel,1503.0,399.0
2016-02-13 22:29:29,12,10,,,Samoyed,1338.0,356.0
2016-02-13 16:50:04,9,10,Claude,,French_bulldog,2410.0,650.0
2016-02-13 03:59:01,10,10,Jessiga,,pug,,
2016-02-13 03:05:01,11,10,Maximus,,boxer,,
2016-02-12 21:49:15,11,10,Franklin,,Italian_greyhound,4917.0,2112.0
2016-02-12 17:22:12,9,10,,,Labrador_retriever,,
2016-02-12 16:16:41,10,10,Lily,,Chesapeake_Bay_retriever,2910.0,781.0
2016-02-12 04:07:53,11,10,,,Staffordshire_bullterrier,1579.0,351.0
2016-02-12 03:47:39,11,10,Doug,,Pembroke,,
2016-02-12 00:39:39,10,10,Cassie,,Great_Dane,2485.0,720.0
2016-02-11 03:02:54,11,10,,pupper,Lhasa,,
2016-02-11 01:42:02,11,10,,pupper,Shetland_sheepdog,,
2016-02-10 04:06:43,10,10,Bentley,,toy_poodle,4844.0,1962.0
2016-02-10 03:05:46,10,10,Charlie,,Great_Dane,3132.0,1217.0
2016-02-09 03:35:31,12,10,Rosie,,Chihuahua,,
2016-02-09 03:14:25,9,10,,,Appenzeller,,
2016-02-09 02:40:05,12,10,,,kuvasz,5016.0,1891.0
2016-02-07 18:51:43,7,10,Berb,,borzoi,3333.0,1202.0
2016-02-06 03:50:33,11,10,,,Pomeranian,3120.0,1226.0
2016-02-06 02:22:53,13,10,Wyatt,,Samoyed,,
2016-02-06 00:35:13,13,10,,,soft-coated_wheaten_terrier,,
2016-02-05 15:27:17,8,10,Calvin,,Old_English_sheepdog,,
2016-02-05 03:18:42,12,10,,,basenji,4544.0,1901.0
2016-02-05 00:51:51,10,10,Bob,,pug,8968.0,3754.0
2016-02-04 18:35:39,10,10,Colin,,Maltese_dog,,
2016-02-04 04:03:57,12,10,,pupper,papillon,2737.0,647.0
2016-02-04 02:40:08,11,10,Lorenzo,pupper,Shih-Tzu,2948.0,1165.0
2016-02-04 01:07:39,6,10,,,Boston_bull,2757.0,829.0
2016-02-02 02:53:12,10,10,,,Australian_terrier,2118.0,652.0
2016-02-02 01:21:07,9,10,Grady,pupper,boxer,2077.0,523.0
2016-02-01 17:11:59,10,10,,,Shih-Tzu,4324.0,2134.0
2016-02-01 03:38:15,11,10,Chester,,Pembroke,,
2016-01-31 23:42:03,10,10,Kobe,,groenendael,,
2016-01-31 03:49:30,9,10,Freddery,,Scottish_deerhound,2630.0,430.0
2016-01-31 03:00:47,12,10,,pupper,pug,2543.0,837.0
2016-01-31 02:31:43,10,10,,,malamute,1604.0,386.0
2016-01-30 03:52:58,10,10,,,Labrador_retriever,3489.0,1297.0
2016-01-30 02:41:58,11,10,,pupper,golden_retriever,,
2016-01-30 00:38:37,9,10,Bodie,,vizsla,,
2016-01-29 19:36:08,12,10,Dunkin,,Shih-Tzu,8151.0,3371.0
2016-01-29 16:30:45,11,10,,,cocker_spaniel,1783.0,644.0
2016-01-29 03:56:12,9,10,,,Saint_Bernard,2758.0,787.0
2016-01-29 03:03:25,10,10,Wally,pupper,Mexican_hairless,2526.0,919.0
2016-01-29 02:46:29,10,10,,,soft-coated_wheaten_terrier,1848.0,628.0
2016-01-29 02:17:12,10,10,Tupawc,,German_short-haired_pointer,,
2016-01-28 21:54:41,12,10,,pupper,Samoyed,,
2016-01-28 16:53:37,13,10,,pupper,Samoyed,,
2016-01-28 04:44:32,12,10,Chester,,golden_retriever,,
2016-01-28 02:30:58,10,10,Amber,,pug,3304.0,1431.0
2016-01-28 02:12:04,10,10,Cody,,Siberian_husky,,
2016-01-27 03:26:56,12,10,,,Siberian_husky,2616.0,858.0
2016-01-27 01:33:08,10,10,Edgar,,pug,2225.0,829.0
2016-01-27 00:31:15,13,10,,,toy_poodle,,
2016-01-26 16:12:33,9,10,,,Tibetan_terrier,2969.0,1001.0
2016-01-25 22:58:05,10,10,,,Saint_Bernard,,
2016-01-25 17:35:00,10,10,,,Chihuahua,,
2016-01-25 04:49:38,5,10,,,bloodhound,,
2016-01-25 03:16:56,12,10,Leo,,Shetland_sheepdog,,
2016-01-25 02:17:57,12,10,Bailey,,Bernese_mountain_dog,2742.0,888.0
2016-01-25 00:26:41,13,10,,,Lakeland_terrier,19993.0,8043.0
2016-01-24 18:09:23,11,10,Molly,,Rottweiler,2668.0,692.0
2016-01-24 03:14:07,11,10,,,borzoi,3070.0,926.0
2016-01-23 18:09:53,11,10,,,golden_retriever,3714.0,1320.0
2016-01-23 03:20:44,13,10,Peaches,,golden_retriever,3921.0,1338.0
2016-01-23 02:53:03,8,10,Vinscent,,kuvasz,,
2016-01-22 18:09:28,11,10,Lolo,,Lhasa,2041.0,636.0
2016-01-22 05:07:29,10,10,Eriq,,Pembroke,,
2016-01-22 03:24:22,11,10,Phred,,kuvasz,3387.0,901.0
2016-01-22 02:28:52,9,10,,,pug,,
2016-01-21 03:38:27,12,10,,pupper,malamute,2598.0,777.0
2016-01-21 02:56:40,10,10,,,Samoyed,,
2016-01-21 02:34:07,10,10,Covach,,standard_poodle,1482.0,394.0
2016-01-20 20:21:00,11,10,Gizmo,pupper,Pomeranian,2509.0,728.0
2016-01-20 18:30:32,9,10,Durg,,Old_English_sheepdog,3137.0,1242.0
2016-01-20 15:44:48,11,10,,,collie,,
2016-01-20 04:13:20,12,10,Luca,,Italian_greyhound,,
2016-01-20 01:41:08,10,10,Lucy,pupper,toy_poodle,,
2016-01-19 21:18:22,12,10,,,Eskimo_dog,2123.0,482.0
2016-01-19 18:39:13,12,10,Carl,,Pembroke,3526.0,1510.0
2016-01-19 03:10:43,9,10,Chipson,,Scotch_terrier,,
2016-01-19 02:59:01,10,10,Herald,,Chihuahua,2068.0,752.0
2016-01-19 02:36:42,10,10,Lucky,,American_Staffordshire_terrier,,
2016-01-18 18:36:07,9,10,,,cocker_spaniel,3177.0,1052.0
2016-01-18 17:52:38,10,10,Trip,pupper,English_springer,2092.0,537.0
2016-01-18 02:49:58,11,10,,pupper,Pembroke,2832.0,916.0
2016-01-18 01:38:15,10,10,,,Ibizan_hound,,
2016-01-17 21:01:41,9,10,Brad,,Cardigan,1429.0,392.0
2016-01-17 19:27:24,12,10,,,malinois,1003.0,203.0
2016-01-17 18:27:32,8,10,Pubert,,American_Staffordshire_terrier,2301.0,695.0
2016-01-17 02:23:42,9,10,,,papillon,,
2016-01-17 00:32:18,12,10,,pupper,Pembroke,,
2016-01-16 15:40:14,12,10,Louis,,golden_retriever,9622.0,4695.0
2016-01-15 21:52:49,10,10,,,pug,,
2016-01-15 18:24:18,11,10,Kilo,,Eskimo_dog,,
2016-01-15 02:41:12,12,10,Louis,,Pomeranian,2828.0,1186.0
2016-01-15 02:08:05,12,10,,pupper,Lakeland_terrier,,
2016-01-15 01:25:33,11,10,,,Staffordshire_bullterrier,,
2016-01-14 18:33:48,9,10,Blakely,pupper,miniature_pinscher,,
2016-01-14 15:57:26,11,10,Opal,,pug,2008.0,536.0
2016-01-14 04:41:12,7,10,Marq,,Rottweiler,1973.0,602.0
2016-01-14 03:45:57,12,10,,,English_springer,,
2016-01-14 02:25:31,10,10,Kramer,,Boston_bull,2131.0,569.0
2016-01-13 16:56:30,11,10,Tyrone,,Shih-Tzu,20840.0,9618.0
2016-01-13 04:23:58,9,10,Gordon,,pug,5658.0,2411.0
2016-01-13 03:12:26,11,10,Baxter,,borzoi,,
2016-01-13 02:17:20,11,10,,pupper,Labrador_retriever,2326.0,634.0
2016-01-12 02:06:41,12,10,,,Tibetan_mastiff,4301.0,1265.0
2016-01-11 22:56:10,11,10,Mona,pupper,Norwich_terrier,2913.0,848.0
2016-01-11 18:39:05,11,10,Olivia,pupper,Rottweiler,3827.0,1437.0
2016-01-11 17:50:18,10,10,Horace,,Labrador_retriever,,
2016-01-11 03:17:53,11,10,Crimson,,Yorkshire_terrier,,
2016-01-11 02:40:19,10,10,Birf,pupper,German_shepherd,,
2016-01-11 01:25:58,10,10,,,pug,2276.0,716.0
2016-01-10 05:01:51,11,10,,,Pomeranian,2285.0,763.0
2016-01-10 03:57:12,12,10,,,Great_Dane,3221.0,1218.0
2016-01-10 02:13:27,11,10,,pupper,Rhodesian_ridgeback,,
2016-01-09 23:55:38,11,10,Lorelei,,Siberian_husky,2185.0,548.0
2016-01-09 21:58:42,8,10,,pupper,papillon,1684.0,630.0
2016-01-09 19:31:20,9,10,Olive,,Yorkshire_terrier,,
2016-01-09 03:24:40,12,10,Brooks,,Chesapeake_Bay_retriever,3376.0,1537.0
2016-01-09 01:59:19,7,10,Otis,pupper,Lakeland_terrier,3042.0,824.0
2016-01-08 05:00:14,10,10,,,golden_retriever,9821.0,4193.0
2016-01-08 04:46:13,10,10,Rocky,,Boston_bull,2743.0,677.0
2016-01-08 04:21:00,11,10,,,chow,,
2016-01-08 03:50:03,11,10,Petrick,floofer,Pomeranian,2147.0,464.0
2016-01-08 01:16:17,10,10,Hubertson,pupper,pug,3213.0,1268.0
2016-01-07 18:41:01,11,10,Gerbald,pupper,Bernese_mountain_dog,4246.0,1496.0
2016-01-07 03:30:07,12,10,Oreo,,Border_collie,3332.0,1095.0
2016-01-07 02:38:10,11,10,,,Labrador_retriever,3626.0,489.0
2016-01-07 00:59:40,11,10,Perry,,Pembroke,1951.0,558.0
2016-01-06 18:14:31,11,10,Theodore,,miniature_schnauzer,2820.0,1054.0
2016-01-06 00:54:18,12,10,,,Chihuahua,,
2016-01-05 21:06:19,10,10,Pippa,,Chihuahua,4023.0,1233.0
2016-01-05 19:42:51,10,10,Jeph,,Labrador_retriever,2056.0,585.0
2016-01-05 05:14:53,12,10,Obi,,Pembroke,8444.0,3496.0
2016-01-05 02:09:54,9,10,Tino,,Chihuahua,,
2016-01-05 01:44:52,10,10,,,kelpie,3608.0,1239.0
2016-01-05 01:00:50,10,10,Kulet,,chow,2085.0,709.0
2016-01-04 19:43:10,10,10,Lupe,,Labrador_retriever,,
2016-01-04 03:50:08,10,10,Sadie,,bluetick,,
2016-01-04 03:28:54,10,10,Tiger,,toy_poodle,1998.0,370.0
2016-01-04 02:18:42,9,10,,pupper,Maltese_dog,,
2016-01-04 01:53:37,12,10,,pupper,malamute,,
2016-01-03 22:14:26,9,10,Buddy,,miniature_pinscher,,
2016-01-03 20:12:10,11,10,Sebastian,,Pembroke,,
2016-01-03 04:01:13,11,10,Griffin,,Airedale,,
2016-01-03 02:53:17,11,10,Banjo,pupper,keeshond,2738.0,1052.0
2016-01-03 00:47:59,10,10,,,Lakeland_terrier,,
2016-01-02 20:58:09,11,10,,,French_bulldog,,
2016-01-02 18:43:31,10,10,,,Pembroke,3039.0,980.0
2016-01-02 04:27:31,9,10,Brandy,pupper,Leonberg,2994.0,1095.0
2016-01-02 02:23:45,10,10,Larry,pupper,cocker_spaniel,3517.0,961.0
2016-01-02 01:33:43,12,10,,,golden_retriever,,
2016-01-01 21:00:32,10,10,Lulu,,boxer,2229.0,768.0
2016-01-01 02:29:49,9,10,Taco,,English_setter,,
2015-12-31 19:05:54,12,10,,,English_springer,,
2015-12-31 05:14:01,8,10,,,whippet,3559.0,1225.0
2015-12-31 02:52:40,11,10,Kreg,,vizsla,,
2015-12-31 02:33:29,9,10,Brody,,curly-coated_retriever,,
2015-12-30 17:58:40,9,10,Jax,,Siberian_husky,,
2015-12-30 02:54:35,11,10,Ulysses,,schipperke,6817.0,2126.0
2015-12-29 23:32:35,12,10,Jimothy,,Labrador_retriever,2897.0,1088.0
2015-12-29 17:36:07,10,10,Charlie,pupper,Chihuahua,,
2015-12-29 04:31:49,11,10,Bo,pupper,toy_poodle,,
2015-12-29 01:52:46,12,10,Toffee,pupper,Pomeranian,2726.0,977.0
2015-12-28 23:00:52,12,10,,,toy_poodle,1981.0,500.0
2015-12-28 20:57:50,8,10,Apollo,,Rottweiler,3674.0,1374.0
2015-12-28 17:12:42,12,10,Carly,,Norfolk_terrier,14818.0,6115.0
2015-12-28 03:46:05,11,10,Glacier,,Samoyed,,
2015-12-28 02:15:26,12,10,,,Lhasa,3320.0,1013.0
2015-12-28 01:12:59,11,10,Sarge,,Saint_Bernard,3329.0,1162.0
2015-12-27 23:53:05,9,10,Panda,,Tibetan_terrier,,
2015-12-27 21:52:07,11,10,,pupper,Irish_setter,2487.0,510.0
2015-12-27 19:22:30,11,10,Aspen,,Pomeranian,,
2015-12-27 04:37:44,9,10,,,pug,2512.0,700.0
2015-12-27 02:36:20,4,10,Alice,,soft-coated_wheaten_terrier,,
2015-12-27 02:15:25,10,10,Sadie,,Labrador_retriever,2145.0,463.0
2015-12-27 00:49:49,11,10,Griswold,,Pomeranian,2478.0,649.0
2015-12-26 23:15:17,9,10,Cheesy,,Shetland_sheepdog,1827.0,383.0
2015-12-26 19:43:36,12,10,Ellie,pupper,Pembroke,3576.0,1402.0
2015-12-26 17:25:59,10,10,,,pug,2454.0,866.0
2015-12-26 04:41:15,9,10,Brody,,French_bulldog,,
2015-12-25 21:18:05,12,10,Percy,,Chihuahua,4380.0,2007.0
2015-12-25 19:39:43,10,10,Hector,pupper,Lakeland_terrier,,
2015-12-25 01:00:07,11,10,,pupper,Brittany_spaniel,,
2015-12-24 23:00:17,12,10,Goliath,,bluetick,,
2015-12-24 22:00:10,10,10,Kawhi,pupper,miniature_poodle,3734.0,1837.0
2015-12-24 21:00:12,10,10,Reggie,,Maltese_dog,,
2015-12-24 20:00:22,9,10,Ozzy,,pug,,
2015-12-24 19:00:23,11,10,,pupper,golden_retriever,3691.0,1444.0
2015-12-24 16:00:30,10,10,Sammy,,Samoyed,,
2015-12-24 03:12:15,11,10,,,EntleBucher,,
2015-12-24 02:02:12,10,10,Willie,,Airedale,,
2015-12-24 00:58:27,13,10,,pupper,Chihuahua,37436.0,14794.0
2015-12-23 21:37:40,10,10,Rinna,pupper,bloodhound,3184.0,1170.0
2015-12-23 18:51:56,9,10,,,French_bulldog,2164.0,836.0
2015-12-23 17:55:32,8,10,Mike,,boxer,1709.0,494.0
2015-12-23 05:13:38,7,10,,,dalmatian,,
2015-12-23 03:58:25,7,10,William,,Chihuahua,3489.0,1332.0
2015-12-23 01:37:45,9,10,Evy,,Maltese_dog,2156.0,666.0
2015-12-23 00:45:35,11,10,Hurley,,toy_poodle,32726.0,19823.0
2015-12-22 04:35:49,11,10,Rubio,,pug,22071.0,8517.0
2015-12-22 03:57:37,8,10,,,Italian_greyhound,,
2015-12-22 02:52:45,10,10,Louis,,Scottish_deerhound,,
2015-12-22 01:28:25,12,10,,,kelpie,6154.0,2693.0
2015-12-21 17:33:48,12,10,,,Eskimo_dog,,
2015-12-21 16:04:13,11,10,Lola,,Labrador_retriever,1698.0,485.0
2015-12-21 04:52:53,12,10,,pupper,Labrador_retriever,2653.0,950.0
2015-12-21 04:44:55,7,10,Linda,,Airedale,3575.0,1247.0
2015-12-21 03:12:08,11,10,Tug,,Pembroke,,
2015-12-21 02:30:45,10,10,Wilson,,Irish_terrier,1693.0,501.0
2015-12-21 01:53:54,10,10,Dash,,malamute,7346.0,3476.0
2015-12-20 18:29:43,10,10,Grizz,,Labrador_retriever,,
2015-12-20 05:25:42,10,10,,,Staffordshire_bullterrier,4117.0,1641.0
2015-12-20 03:58:55,2,10,Crystal,,Maltese_dog,5573.0,2663.0
2015-12-20 03:02:53,10,10,Jerome,,schipperke,4363.0,1915.0
2015-12-20 02:09:34,12,10,,,Pembroke,1637.0,443.0
2015-12-20 01:38:42,11,10,Bella,pupper,miniature_pinscher,1926.0,440.0
2015-12-19 22:28:09,12,10,,pupper,golden_retriever,1781.0,566.0
2015-12-19 22:02:01,10,10,Rosie,,Norfolk_terrier,1341.0,271.0
2015-12-19 18:19:51,10,10,,pupper,Maltese_dog,11762.0,6366.0
2015-12-19 16:47:58,9,10,Jessifer,,Chihuahua,1633.0,390.0
2015-12-19 01:16:45,12,10,Reese,,miniature_pinscher,,
2015-12-18 18:29:07,10,10,,,Eskimo_dog,1392.0,430.0
2015-12-18 16:56:01,9,10,,,dalmatian,4964.0,2213.0
2015-12-18 04:00:46,10,10,Ralph,,Siberian_husky,,
2015-12-18 03:54:25,9,10,Sadie,,Shih-Tzu,,
2015-12-18 03:11:30,11,10,,,Pembroke,,
2015-12-18 02:17:22,9,10,,,Maltese_dog,,
2015-12-18 00:18:36,11,10,,,Chihuahua,,
2015-12-17 19:07:09,6,10,,,basset,,
2015-12-17 17:56:29,12,10,,,American_Staffordshire_terrier,7107.0,3810.0
2015-12-17 16:45:31,9,10,Axel,,Staffordshire_bullterrier,1101.0,236.0
2015-12-17 03:48:51,9,10,,,Lakeland_terrier,1384.0,306.0
2015-12-17 03:36:28,9,10,Humphrey,,beagle,1125.0,245.0
2015-12-17 02:30:09,10,10,,,Blenheim_spaniel,,
2015-12-17 01:35:24,5,10,Juckson,,Japanese_spaniel,1273.0,429.0
2015-12-16 23:29:14,10,10,,pupper,Shetland_sheepdog,2047.0,737.0
2015-12-16 18:03:28,9,10,,,English_setter,2803.0,964.0
2015-12-16 04:01:59,11,10,Cooper,,malamute,,
2015-12-16 02:19:04,8,10,Tyrus,,Welsh_springer_spaniel,,
2015-12-16 02:08:04,12,10,,,Pekinese,,
2015-12-16 01:27:03,8,10,,pupper,Chesapeake_Bay_retriever,13013.0,5105.0
2015-12-15 20:40:47,10,10,Ash,,Chesapeake_Bay_retriever,2150.0,739.0
2015-12-15 17:51:44,11,10,,,Great_Pyrenees,,
2015-12-15 17:11:09,9,10,,,Chihuahua,1448.0,443.0
2015-12-15 04:19:18,13,10,,pupper,Chihuahua,2963.0,1023.0
2015-12-15 03:23:14,9,10,,pupper,whippet,1189.0,399.0
2015-12-15 02:23:26,5,10,Bubbles,,Boston_bull,,
2015-12-14 22:46:41,12,10,,,chow,1914.0,580.0
2015-12-14 20:17:59,9,10,Griffin,,pug,,
2015-12-14 18:35:43,11,10,,pupper,golden_retriever,,
2015-12-14 16:34:00,11,10,,,Maltese_dog,,
2015-12-14 15:57:56,10,10,Duke,,golden_retriever,1426.0,359.0
2015-12-14 03:08:46,8,10,Winston,,French_bulldog,,
2015-12-14 00:07:50,10,10,,,Chihuahua,,
2015-12-13 21:07:04,10,10,Bert,,Irish_water_spaniel,,
2015-12-13 18:10:33,11,10,Striker,,Shih-Tzu,2866.0,1209.0
2015-12-13 17:21:08,9,10,,,bull_mastiff,1340.0,447.0
2015-12-13 04:40:46,10,10,,pupper,Labrador_retriever,,
2015-12-13 04:14:39,6,10,Donny,,Italian_greyhound,,
2015-12-13 04:02:03,10,10,,,West_Highland_white_terrier,2422.0,1000.0
2015-12-13 02:51:51,11,10,,,golden_retriever,1665.0,595.0
2015-12-13 01:12:15,10,10,Pepper,pupper,pug,2318.0,916.0
2015-12-12 22:04:39,10,10,Bernie,,beagle,10420.0,3504.0
2015-12-12 20:57:34,11,10,Buddah,,Maltese_dog,1653.0,490.0
2015-12-12 18:13:51,12,10,,pupper,golden_retriever,,
2015-12-12 16:16:45,12,10,Lenny,,standard_schnauzer,1921.0,851.0
2015-12-12 15:59:51,10,10,Wylie,,English_springer,655.0,101.0
2015-12-12 04:35:48,11,10,,,chow,1852.0,433.0
2015-12-12 04:23:49,10,10,,,Pembroke,1203.0,398.0
2015-12-12 03:47:46,10,10,Sammy,,cocker_spaniel,1058.0,295.0
2015-12-12 02:07:14,11,10,Reggie,,vizsla,3185.0,1342.0
2015-12-12 01:38:53,10,10,,,West_Highland_white_terrier,1321.0,621.0
2015-12-11 21:51:30,12,10,,,Labrador_retriever,1547.0,590.0
2015-12-11 17:51:04,13,10,,,Chihuahua,,
2015-12-11 17:12:48,12,10,Daisy,,Labrador_retriever,1067.0,236.0
2015-12-11 16:20:15,13,10,,,borzoi,3972.0,2330.0
2015-12-11 15:19:21,12,10,,pupper,Pembroke,2819.0,1337.0
2015-12-11 03:05:37,12,10,,,chow,,
2015-12-11 02:56:28,10,10,,,golden_retriever,956.0,245.0
2015-12-11 02:49:59,9,10,,,Labrador_retriever,2167.0,929.0
2015-12-11 00:35:44,8,10,Oliver,,Labrador_retriever,981.0,260.0
2015-12-11 00:26:12,9,10,,,dalmatian,,
2015-12-10 20:19:52,11,10,,,Samoyed,,
2015-12-10 17:37:00,10,10,Mollie,pupper,boxer,999.0,232.0
2015-12-10 17:24:21,12,10,Laela,,Pembroke,,
2015-12-10 17:11:09,13,10,,,Rottweiler,2275.0,1132.0
2015-12-10 04:18:42,10,10,,,English_springer,866.0,364.0
2015-12-10 03:59:15,11,10,Tedders,,Pembroke,3045.0,882.0
2015-12-10 03:30:58,13,10,,,giant_schnauzer,2536.0,1118.0
2015-12-10 03:19:24,13,10,,,Labrador_retriever,1121.0,254.0
2015-12-10 03:11:43,9,10,Maggie,,miniature_poodle,821.0,216.0
2015-12-10 02:15:47,11,10,Superpup,pupper,Chihuahua,1136.0,486.0
2015-12-10 00:47:23,12,10,,,vizsla,1473.0,481.0
2015-12-10 00:10:43,10,10,Sophie,,Bernese_mountain_dog,1422.0,569.0
2015-12-09 23:58:35,11,10,,,Dandie_Dinmont,1123.0,403.0
2015-12-09 23:47:22,10,10,Rufio,pupper,Pomeranian,655.0,96.0
2015-12-09 17:46:48,5,10,,,flat-coated_retriever,1451.0,507.0
2015-12-09 17:15:54,12,10,,pupper,Pomeranian,,
2015-12-09 06:01:26,13,10,Louis,,chow,6290.0,2113.0
2015-12-09 04:36:06,10,10,,pupper,Brabancon_griffon,1078.0,364.0
2015-12-09 02:56:22,12,10,Ava,,golden_retriever,1450.0,551.0
2015-12-09 02:34:18,10,10,Jonah,,Chihuahua,686.0,143.0
2015-12-08 18:17:56,11,10,Kenny,,Cardigan,14871.0,6039.0
2015-12-08 16:56:51,10,10,,,German_shepherd,1585.0,748.0
2015-12-08 16:47:50,8,10,Bob,,pug,,
2015-12-08 16:21:41,9,10,Gus,pupper,Greater_Swiss_Mountain_dog,1317.0,464.0
2015-12-08 15:52:13,10,10,Bobbay,,Eskimo_dog,1479.0,567.0
2015-12-08 04:27:30,11,10,,,Pomeranian,759.0,174.0
2015-12-08 03:57:26,11,10,Mitch,,Airedale,991.0,296.0
2015-12-08 02:29:37,10,10,Stanley,,Cardigan,3350.0,1329.0
2015-12-08 02:23:09,10,10,Lucy,,Shih-Tzu,1457.0,496.0
2015-12-08 01:47:22,12,10,,,toy_poodle,730.0,132.0
2015-12-08 01:30:12,12,10,Kaiya,pupper,Eskimo_dog,,
2015-12-08 01:21:40,9,10,Daisy,,toy_poodle,,
2015-12-08 00:37:11,10,10,,,Pomeranian,1799.0,1252.0
2015-12-08 00:15:09,10,10,Acro,,collie,1141.0,306.0
2015-12-07 23:55:26,11,10,Aiden,,Pembroke,1572.0,661.0
2015-12-07 20:07:04,10,10,,pupper,pug,,
2015-12-07 15:32:42,10,10,,,Brabancon_griffon,,
2015-12-07 03:51:47,10,10,,,Maltese_dog,,
2015-12-07 03:45:53,12,10,,,Chihuahua,,
2015-12-07 03:40:24,12,10,Riley,,golden_retriever,1091.0,296.0
2015-12-07 03:34:14,10,10,Raymond,pupper,German_short-haired_pointer,1106.0,401.0
2015-12-07 03:28:45,8,10,Dot,,Shih-Tzu,,
2015-12-07 02:25:23,11,10,,,Chesapeake_Bay_retriever,,
2015-12-07 02:21:29,9,10,Larry,,soft-coated_wheaten_terrier,,
2015-12-07 02:13:55,11,10,George,,Pekinese,1440.0,449.0
2015-12-07 01:47:30,13,10,Shnuggles,,Samoyed,1376.0,477.0
2015-12-07 00:37:52,12,10,Kendall,,Labrador_retriever,1266.0,367.0
2015-12-07 00:12:23,10,10,,pupper,bull_mastiff,,
2015-12-06 21:19:54,7,10,Jeffri,pupper,Newfoundland,,
2015-12-06 19:13:01,8,10,,,beagle,,
2015-12-06 04:34:25,8,10,Steve,,English_setter,1460.0,682.0
2015-12-06 04:18:46,11,10,Koda,,Rottweiler,,
2015-12-06 04:03:51,12,10,,,golden_retriever,1661.0,546.0
2015-12-06 03:56:12,9,10,Bella,,West_Highland_white_terrier,,
2015-12-06 03:28:27,11,10,,,Chihuahua,977.0,277.0
2015-12-06 01:56:44,11,10,Frankie,,Samoyed,13526.0,8091.0
2015-12-06 01:48:12,10,10,,,miniature_pinscher,880.0,265.0
2015-12-06 00:17:55,8,10,Eve,pupper,golden_retriever,7562.0,3215.0
2015-12-05 22:41:22,11,10,Mac,,Shih-Tzu,,
2015-12-05 20:41:29,6,10,,,Airedale,1429.0,747.0
2015-12-05 18:51:11,10,10,Dexter,,schipperke,2263.0,857.0
2015-12-05 04:36:04,12,10,Kenzie,,chow,,
2015-12-05 04:25:50,8,10,Pumpkin,,French_bulldog,962.0,302.0
2015-12-05 04:00:04,10,10,Schnozz,pupper,Lakeland_terrier,987.0,298.0
2015-12-05 03:05:49,10,10,Chuckles,pupper,pug,1689.0,924.0
2015-12-05 02:37:35,11,10,Gustaf,,toy_poodle,1324.0,555.0
2015-12-05 02:23:49,10,10,Terry,,Chihuahua,,
2015-12-04 20:38:19,8,10,Oscar,,Chihuahua,,
2015-12-04 17:46:12,10,10,Ed,,Pembroke,,
2015-12-04 04:56:09,9,10,Leonidas,,Chesapeake_Bay_retriever,978.0,327.0
2015-12-04 03:43:54,12,10,,pupper,golden_retriever,,
2015-12-04 02:31:10,11,10,,,toy_poodle,1112.0,404.0
2015-12-04 01:55:13,9,10,Scott,pupper,Great_Pyrenees,1333.0,615.0
2015-12-04 01:42:26,10,10,Taz,,kuvasz,,
2015-12-03 21:11:09,10,10,,,golden_retriever,642.0,173.0
2015-12-03 18:52:12,10,10,Jackie,,Doberman,1111.0,446.0
2015-12-03 18:29:09,10,10,,,West_Highland_white_terrier,,
2015-12-03 18:23:34,12,10,Jazz,pupper,Border_collie,718.0,126.0
2015-12-03 17:23:00,12,10,,,cocker_spaniel,,
2015-12-03 04:33:27,11,10,Pippin,,pug,,
2015-12-03 04:14:13,10,10,,,Irish_terrier,,
2015-12-03 04:01:02,10,10,Kreg,,Chihuahua,,
2015-12-03 03:21:00,11,10,Rolf,pupper,pug,1432.0,752.0
2015-12-03 02:56:30,7,10,,,Irish_terrier,1722.0,621.0
2015-12-03 02:45:32,12,10,Snickers,,Chihuahua,689.0,162.0
2015-12-03 02:21:48,7,10,Ridley,,pug,898.0,327.0
2015-12-03 01:16:17,9,10,Cal,,beagle,785.0,214.0
2015-12-02 21:45:16,10,10,Bradley,,cocker_spaniel,1025.0,373.0
2015-12-02 21:06:56,8,10,Bubba,pupper,pug,877.0,363.0
2015-12-02 19:44:43,12,10,,,Rottweiler,,
2015-12-02 16:49:14,9,10,Tuco,,pug,1006.0,373.0
2015-12-02 15:01:33,7,10,Gizmo,,pug,,
2015-12-02 03:40:57,10,10,Lola,,chow,8512.0,4223.0
2015-12-02 03:20:45,11,10,Mojo,,Labrador_retriever,,
2015-12-02 01:39:53,10,10,Dylan,,Labrador_retriever,1117.0,507.0
2015-12-01 20:35:22,13,10,,,dalmatian,7079.0,3530.0
2015-12-01 19:10:13,10,10,,,Chihuahua,1193.0,530.0
2015-12-01 17:30:22,11,10,,,toy_poodle,744.0,235.0
2015-12-01 16:37:44,13,10,,,kuvasz,,
2015-12-01 05:26:34,13,10,,,Gordon_setter,12840.0,7321.0
2015-12-01 04:14:59,10,10,,,Shetland_sheepdog,1093.0,571.0
2015-12-01 03:49:23,9,10,Reginald,,pug,1179.0,415.0
2015-12-01 03:18:27,10,10,Jax,,Doberman,,
2015-12-01 02:46:33,10,10,Alejandro,,Pomeranian,,
2015-12-01 02:38:04,9,10,Scruffers,,Lakeland_terrier,956.0,293.0
2015-12-01 01:42:28,11,10,Charlie,,toy_poodle,,
2015-12-01 00:30:04,10,10,Malcolm,,German_shepherd,579.0,207.0
2015-12-01 00:24:48,11,10,Penelope,,Samoyed,763.0,234.0
2015-11-30 15:59:17,9,10,,,Italian_greyhound,398.0,150.0
2015-11-30 15:51:24,10,10,Lou,,miniature_poodle,483.0,116.0
2015-11-30 04:37:05,10,10,Sparky,,Chihuahua,736.0,215.0
2015-11-30 04:22:44,12,10,,,Rottweiler,1115.0,350.0
2015-11-30 02:31:34,11,10,Holly,,Labrador_retriever,,
2015-11-30 02:18:39,12,10,,,Rottweiler,,
2015-11-30 02:01:49,9,10,Rufus,,Yorkshire_terrier,,
2015-11-30 01:28:28,10,10,,,Samoyed,923.0,408.0
2015-11-30 01:10:04,8,10,Clarence,,Shih-Tzu,751.0,198.0
2015-11-29 23:57:10,6,10,Phred,,malinois,1367.0,786.0
2015-11-29 23:30:32,8,10,Toby,,basenji,,
2015-11-29 16:01:20,12,10,,,redbone,1105.0,297.0
2015-11-29 05:43:44,10,10,Colby,,Shih-Tzu,592.0,196.0
2015-11-29 05:16:59,7,10,Jett,,Pekinese,,
2015-11-29 05:11:35,10,10,Amy,,malinois,733.0,222.0
2015-11-29 04:37:03,12,10,Remington,,Labrador_retriever,777.0,196.0
2015-11-29 04:04:12,10,10,Sage,,American_Staffordshire_terrier,3181.0,1556.0
2015-11-29 03:50:10,10,10,Maggie,,basset,1129.0,274.0
2015-11-29 03:33:17,11,10,Andy,,Old_English_sheepdog,1160.0,499.0
2015-11-29 03:20:54,10,10,Mason,,Pomeranian,1962.0,974.0
2015-11-29 03:16:46,10,10,,,basenji,344.0,88.0
2015-11-29 02:51:54,11,10,Trigger,,Pembroke,,
2015-11-29 02:20:29,9,10,,,beagle,662.0,245.0
2015-11-29 01:52:48,5,10,,,Chihuahua,,
2015-11-29 01:35:26,10,10,,,pug,327.0,74.0
2015-11-29 00:39:59,10,10,Vincent,,Norfolk_terrier,,
2015-11-29 00:06:39,9,10,,,keeshond,439.0,112.0
2015-11-28 21:34:09,12,10,,,Pomeranian,1205.0,502.0
2015-11-28 20:43:53,6,10,Danny,,Norwich_terrier,,
2015-11-28 19:51:59,8,10,Ester,,Shetland_sheepdog,,
2015-11-28 19:04:19,8,10,Pluto,,Ibizan_hound,748.0,287.0
2015-11-28 18:50:15,8,10,Bloo,,Dandie_Dinmont,248.0,44.0
2015-11-28 03:31:48,10,10,Paull,,English_springer,6735.0,2006.0
2015-11-28 03:21:24,11,10,Koda,,Sussex_spaniel,643.0,202.0
2015-11-28 02:25:32,11,10,Willy,,chow,1385.0,636.0
2015-11-28 02:00:17,12,10,Herb,,Chihuahua,1310.0,639.0
2015-11-28 01:18:21,12,10,Scooter,,Maltese_dog,,
2015-11-28 00:48:35,10,10,Nigel,,pug,435.0,159.0
2015-11-27 23:36:23,8,10,Larry,,whippet,560.0,213.0
2015-11-27 22:51:19,12,10,Daisy,,English_springer,746.0,274.0
2015-11-27 20:30:30,10,10,Butters,,cairn,,
2015-11-27 19:11:49,11,10,,,Irish_terrier,3870.0,1235.0
2015-11-27 18:09:09,9,10,Hemry,,Shetland_sheepdog,430.0,137.0
2015-11-27 17:17:44,11,10,Sandra,,Chihuahua,703.0,291.0
2015-11-27 04:16:59,9,10,Wally,,toy_poodle,1026.0,338.0
2015-11-27 03:47:25,10,10,,,German_short-haired_pointer,698.0,254.0
2015-11-27 02:55:47,10,10,Winston,,malamute,1581.0,801.0
2015-11-27 02:08:07,11,10,Liam,,Italian_greyhound,,
2015-11-26 22:16:09,10,10,Raphael,,beagle,332.0,93.0
2015-11-26 20:04:40,10,10,Julio,,miniature_pinscher,304.0,62.0
2015-11-26 18:16:16,11,10,Andru,,vizsla,502.0,166.0
2015-11-26 17:11:11,12,10,,,Pomeranian,,
2015-11-26 05:42:55,10,10,Chester,,Pembroke,817.0,405.0
2015-11-26 01:07:38,10,10,Kloey,,Pomeranian,389.0,112.0
2015-11-26 00:52:45,8,10,Shawwn,,dalmatian,668.0,294.0
2015-11-25 19:46:30,10,10,,,Maltese_dog,953.0,367.0
2015-11-25 19:25:57,10,10,Skye,,Eskimo_dog,514.0,152.0
2015-11-25 17:49:14,10,10,Linda,,West_Highland_white_terrier,435.0,143.0
2015-11-25 17:25:28,9,10,Kollin,,Chihuahua,,
2015-11-25 17:13:02,10,10,Alfredo,,toy_poodle,,
2015-11-25 05:52:43,10,10,Ronduh,,cocker_spaniel,368.0,77.0
2015-11-25 04:43:02,6,10,Billl,,Airedale,1333.0,736.0
2015-11-25 04:26:12,10,10,,,Brabancon_griffon,496.0,183.0
2015-11-25 04:11:57,10,10,Chip,,basset,,
2015-11-25 03:56:01,10,10,Zeus,,golden_retriever,,
2015-11-25 03:39:17,11,10,Saydee,,Labrador_retriever,370.0,127.0
2015-11-25 03:18:15,8,10,Dug,,Chihuahua,2708.0,1289.0
2015-11-25 01:35:25,12,10,Kirk,,Siberian_husky,1020.0,424.0
2015-11-25 01:30:16,13,10,,,golden_retriever,575.0,118.0
2015-11-24 18:11:04,8,10,Clarq,,golden_retriever,,
2015-11-24 17:19:36,9,10,Samsom,,pug,1006.0,486.0
2015-11-24 06:17:19,10,10,,,Chihuahua,658.0,318.0
2015-11-24 04:17:01,12,10,Tucker,,Chihuahua,576.0,251.0
2015-11-24 03:51:38,11,10,Terrance,,Pembroke,20943.0,6439.0
2015-11-24 03:08:48,3,10,Bernie,,pug,681.0,334.0
2015-11-24 02:29:49,12,10,Chaz,,golden_retriever,798.0,354.0
2015-11-24 02:13:25,11,10,Jeremy,,basset,,
2015-11-24 00:54:05,10,10,Leroi,,cocker_spaniel,,
2015-11-23 23:23:31,9,10,Herald,,standard_poodle,,
2015-11-23 21:24:36,11,10,Lambeau,,Brittany_spaniel,318.0,102.0
2015-11-23 20:42:48,11,10,Ruffles,,kelpie,,
2015-11-23 18:02:38,11,10,Bobb,,golden_retriever,453.0,168.0
2015-11-23 16:18:59,10,10,Banditt,,malinois,432.0,139.0
2015-11-23 15:35:39,7,10,,,redbone,577.0,273.0
2015-11-23 13:13:28,10,10,Kevon,,Chesapeake_Bay_retriever,703.0,375.0
2015-11-23 04:59:42,11,10,Winifred,,beagle,534.0,222.0
2015-11-23 03:46:18,10,10,Berta,,komondor,1041.0,496.0
2015-11-23 03:33:22,10,10,Churlie,,Pekinese,,
2015-11-23 03:25:17,5,10,Zeek,,miniature_schnauzer,714.0,323.0
2015-11-23 03:09:00,9,10,Timofy,,French_bulldog,317.0,118.0
2015-11-23 02:52:48,10,10,Jomathan,,Chihuahua,1431.0,782.0
2015-11-22 23:12:44,11,10,Marvin,,Shih-Tzu,243.0,56.0
2015-11-22 21:31:28,10,10,,,American_Staffordshire_terrier,456.0,219.0
2015-11-22 20:37:34,12,10,,,Labrador_retriever,459.0,231.0
2015-11-22 19:13:05,10,10,Chuk,,basenji,325.0,107.0
2015-11-22 18:31:19,8,10,Jo,,Staffordshire_bullterrier,412.0,134.0
2015-11-22 04:33:59,11,10,Rusty,,golden_retriever,502.0,138.0
2015-11-22 03:46:11,10,10,Sophie,,soft-coated_wheaten_terrier,822.0,232.0
2015-11-22 03:24:58,10,10,Guss,,Pembroke,549.0,237.0
2015-11-22 02:03:45,8,10,Bisquick,,Chihuahua,985.0,494.0
2015-11-22 01:20:44,10,10,Torque,,chow,6199.0,2877.0
2015-11-22 00:15:33,10,10,,,chow,508.0,199.0
2015-11-21 23:10:52,8,10,Ron,,Labrador_retriever,,
2015-11-21 22:14:07,12,10,Skittles,,Blenheim_spaniel,653.0,197.0
2015-11-21 20:59:20,7,10,Alfonso,,Chihuahua,490.0,195.0
2015-11-21 17:05:31,6,10,Alfie,,Pembroke,666.0,243.0
2015-11-21 04:37:59,9,10,Jiminy,,Labrador_retriever,,
2015-11-21 03:08:47,9,10,Cleopatricia,,Norwegian_elkhound,848.0,379.0
2015-11-21 02:07:05,11,10,Erik,,Pomeranian,1880.0,1098.0
2015-11-21 01:59:37,10,10,Stu,,malamute,,
2015-11-21 00:25:26,9,10,Cheryl,,malamute,238.0,78.0
2015-11-20 22:30:44,12,10,,,miniature_pinscher,291.0,63.0
2015-11-20 20:25:43,12,10,,,flat-coated_retriever,328.0,97.0
2015-11-20 19:55:30,8,10,,,dalmatian,697.0,334.0
2015-11-20 18:35:10,8,10,Jessiga,,West_Highland_white_terrier,,
2015-11-20 15:36:22,11,10,Olive,,kuvasz,377.0,152.0
2015-11-20 03:35:20,9,10,,,toy_poodle,,
2015-11-20 03:25:43,10,10,Kial,,Pomeranian,863.0,529.0
2015-11-20 03:04:08,9,10,Klint,,Yorkshire_terrier,203.0,65.0
2015-11-20 02:47:56,8,10,,,Pembroke,813.0,541.0
2015-11-20 02:32:25,10,10,Naphaniel,,golden_retriever,461.0,239.0
2015-11-20 01:06:48,12,10,Tickles,,beagle,6747.0,2130.0
2015-11-20 00:12:54,9,10,,,Chihuahua,,
2015-11-19 23:53:52,7,10,,,borzoi,529.0,225.0
2015-11-19 22:32:36,11,10,Kohl,,toy_poodle,253.0,99.0
2015-11-19 21:22:56,11,10,Cupcake,,Labrador_retriever,305.0,89.0
2015-11-19 20:14:03,12,10,,,Rottweiler,302.0,83.0
2015-11-19 18:13:27,7,10,Biden,,Saint_Bernard,461.0,220.0
2015-11-19 17:26:08,8,10,Fwed,,papillon,192.0,55.0
2015-11-19 05:24:37,9,10,Genevieve,,golden_retriever,488.0,242.0
2015-11-19 04:39:35,11,10,Joshwa,,Siberian_husky,,
2015-11-19 04:05:59,12,10,,,Rottweiler,382.0,106.0
2015-11-19 03:29:07,10,10,Timison,,golden_retriever,,
2015-11-19 03:10:02,8,10,Daryl,,vizsla,190.0,54.0
2015-11-19 03:02:47,4,10,,,soft-coated_wheaten_terrier,608.0,463.0
2015-11-19 02:58:01,9,10,Clarence,,toy_poodle,239.0,82.0
2015-11-19 02:43:18,10,10,Kenneth,,giant_schnauzer,219.0,88.0
2015-11-19 02:20:46,10,10,Churlie,,miniature_pinscher,,
2015-11-19 01:59:39,11,10,Bradlay,,golden_retriever,,
2015-11-19 01:27:25,12,10,Pipsy,,toy_poodle,,
2015-11-19 00:32:12,10,10,,,West_Highland_white_terrier,4564.0,2195.0
2015-11-18 23:18:48,10,10,Gabe,,Pembroke,327.0,127.0
2015-11-18 21:23:57,7,10,Clybe,,Chihuahua,,
2015-11-18 20:15:26,10,10,,,Chihuahua,397.0,122.0
2015-11-18 19:29:52,10,10,Keet,,Chesapeake_Bay_retriever,,
2015-11-18 04:27:09,10,10,,,Airedale,210.0,80.0
2015-11-18 03:18:55,9,10,Jeph,,miniature_schnauzer,512.0,247.0
2015-11-18 02:25:23,8,10,Jockson,,English_setter,235.0,92.0
2015-11-18 00:55:42,10,10,Octaviath,,Italian_greyhound,379.0,189.0
2015-11-17 22:06:57,10,10,Lugan,,miniature_poodle,,
2015-11-17 19:35:19,8,10,Johm,,Labrador_retriever,424.0,215.0
2015-11-17 18:56:35,8,10,Christoper,,German_shepherd,186.0,46.0
2015-11-17 16:09:56,4,10,,,Border_collie,,
2015-11-17 15:51:26,9,10,Jimothy,,Ibizan_hound,229.0,79.0
2015-11-17 03:16:00,10,10,Kreggory,,dalmatian,,
2015-11-17 02:46:43,9,10,Scout,,curly-coated_retriever,,
2015-11-17 02:06:42,7,10,,,Chihuahua,,
2015-11-17 02:00:15,10,10,,,Chesapeake_Bay_retriever,162.0,53.0
2015-11-17 01:30:57,7,10,,,Pembroke,163.0,81.0
2015-11-17 01:02:40,12,10,,,Blenheim_spaniel,310.0,112.0
2015-11-17 00:53:15,10,10,Walter,,toy_terrier,121.0,45.0
2015-11-17 00:06:54,7,10,,,black-and-tan_coonhound,105.0,37.0
2015-11-16 23:23:41,9,10,,,Chihuahua,162.0,81.0
2015-11-16 21:54:18,11,10,,,soft-coated_wheaten_terrier,,
2015-11-16 20:32:58,8,10,,,malamute,212.0,71.0
2015-11-16 20:01:42,10,10,,,golden_retriever,283.0,131.0
2015-11-16 16:11:11,9,10,,,Maltese_dog,142.0,63.0
2015-11-16 15:14:19,11,10,,,Italian_greyhound,169.0,75.0
2015-11-16 03:55:04,11,10,,,English_setter,77.0,11.0
2015-11-16 03:44:34,8,10,,,Lhasa,150.0,64.0
2015-11-16 03:22:39,9,10,,,bloodhound,,
2015-11-16 02:38:37,6,10,,,pug,,
2015-11-16 01:59:36,10,10,,,Walker_hound,315.0,157.0
2015-11-16 01:52:02,9,10,,,Gordon_setter,142.0,57.0
2015-11-16 01:22:45,10,10,,,golden_retriever,,
2015-11-16 01:01:59,8,10,,,miniature_poodle,109.0,57.0
2015-11-16 00:49:46,10,10,,,chow,,
2015-11-16 00:30:50,10,10,,,Bernese_mountain_dog,,
2015-11-16 00:24:50,5,10,,,miniature_pinscher,,
2015-11-16 00:04:52,6,10,,,Rhodesian_ridgeback,290.0,135.0
2015-11-15 23:21:54,9,10,,,German_shepherd,,
2015-11-15 23:05:30,7,10,,,redbone,125.0,46.0
2015-11-15 22:32:08,8,10,,,Welsh_springer_spaniel,,
